Ledger Code,ledgerName,₹ Balance,Station
1151,GUDDU JI TIWARI,17430.00000 Dr,LAKHARA CHOWK
1207,GUDDU(FRONT OF SHOP),,SADAR BAZAR
1208,GULLI MART,,SADAR BAZAR
1115,HAJARI MAL SUGAN CHAND,125.00000 Dr,LAKHARA CHOWK
1209,HAJARIMAL BABULAL,,SADAR BAZAR
1244,HANSRAJ JI -R.R MEGA MART,,TAHASIL ROAD
2020,HANSRAJ JI -R.R MEGA MART-TEA,700.00000 Dr,TAHASIL ROAD
1116,HANUMAN JI PANCHARIA,,LAKHARA CHOWK
2148,HANUMAN JI PANECHA,,MIRCHHI PATTI
1056,HANUMAN JI TIWARI,,JAIN CHOWK
1117,HANUMAN KIRANA STORE,,BUS STAND
1413,HANUMAN KIRANA STORE KANHA,,LAKHARA CHOWK
1029,HANUMAN MAL LAKHURAM,,DESHANOK
1210,HANUMAN MAL SANJAI KUMAR,,SADAR BAZAR
1030,HANUMAN STORE,,DESHANOK
1412,HARI OM KIRANA STORE,,LAKHARA CHOWK
2010,HARSH KIRANA STORE,,LAKHARA CHOWK
1211,HASTIMAL CHANDAK,4790.00000 Dr,TAHASIL ROAD
1173,HEERA FANCY STORE,1144.00000 Dr,KATALA CHOWK
1245,HIMMAT IMPEX,,TAHASIL ROAD
1246,HINDUSTHAN ELECTRICAL,,LAKHARA CHOWK
1057,HULASMAL RATANLAL,,MEHARIYA MARKET
M2866024,J D M MASALA,,RODA
M2242002,JAGDAMBA KIRANA AND GENERAL STORE RODA,,RODA
M2850162,JAGDAMBA KIRANA STORE AND VEGITABLE,,RODA
1174,JAGDAMMBA FANCY STORE,,MEHARIYA MARKET
1383,JAGDISH JI MOHATA,,DESHANOK
M2231832,JAGDISH JI SADH,,RODA
1212,JAGDISH MEDICAL,,SADAR BAZAR
1095,JAI BAJARANG TRADERS,,KATALA CHOWK
1213,JAI CHAND LAL JHANWAR LAL,,SADAR BAZAR
1214,JAI KISHAN RAM NARAYAN,6385.00000 Dr,SADAR BAZAR
1215,JAI MA BHADRIYA RAY,,SADAR BAZAR
1405,JAI MA NAGANA RAI GEN STORE,,RODA
1058,JAI SHIV MEDICAL,,HOSPITAL ROAD
1216,JAI SHREE FANCY STORE,,SADAR BAZAR
1008,JAI SHREE GENERAL STORE,2662.00000 Dr,NAGAUR ROAD
1681,JAI SHREE GENERAL STORE-TEA,13000.00000 Dr,NAGAUR ROAD
1118,JAI SHREE SHYAM TRADERS,60.00000 Dr,MIRCHHI PATTI
1059,JAIN MISTHAN BHANDAR,,KATALA CHOWK
1009,JAIN RESTORENT,,NAGAUR ROAD
1096,JAIN SWEET HOME,,KATALA CHOWK
1031,JAIN TRADERS,,DESHANOK
1152,JAINY KIRANA STORE,,MAROTHI CHOWK
1119,JAJU BROTHERS,7150.00000 Dr,LAKHARA CHOWK
1247,JAMBHESWER KIRANA STORE,,TAHASIL ROAD
1905,JAMBHESWER KIRANA STORE-DETREGENT,14266.00000 Dr,TAHASIL ROAD
1683,JAMBHESWER KIRANA STORE-TEA,14750.00000 Dr,TAHASIL ROAD
1120,JAMESHWER STORE,,LAKHARA CHOWK
1621,JASNATH FANCY STORE,,MEHARIYA MARKET
1121,JASOL FANCY STORE,2547.00000 Dr,LAKHARA CHOWK
1495,JBN SWWETS,,TAHASIL ROAD
M1016437,JETHU SINGH CHARAN,,BUS STAND
1248,JHANWER KIRANA STORE,,TAHASIL ROAD
1060,JINENDRA STORE,,MAHAVEER CHOWK
1217,JIYARAM MANARAM,,SADAR BAZAR
M8089429,JSK MEDICAL,,TAHASIL ROAD
1188,JUGAL KISHOR ASHOK KUMAR,,MIRCHHI PATTI
1502,JUGAL SARSWAT,,BUS STAND
1684,JUGAL SARSWAT-TEA,,BUS STAND
1249,JYANI TARDING COMPANY,,TAHASIL ROAD
1061,JYOTI GIFT CENTRA,,MEHARIYA MARKET
1420,K D GENERAL STORE,,TAHASIL ROAD
2002,K R MART,,RODA
1062,K.K VARAYATI,1756.00000 Cr,JAIN CHOWK
1063,KADRI GEN STORE,141.00000 Dr,JAIN CHOWK
1418,KAILASH GENERAL STORE,,TAHASIL ROAD
1575,KAINHAIYA LAL SUNIL KUMAR,470.00000 Dr,KATALA CHOWK
1010,KALAPATRU GENERAL STORE,,BUS STAND
1189,KALU JI MODI,,MIRCHHI PATTI
1190,KALU RAM GOPALARAM,1714.00000 Dr,MIRCHHI PATTI
1699,KALU RAM GOPALARAM-DHOOM,,MIRCHHI PATTI
1685,KALU RAM GOPALARAM-TEA,4250.00000 Dr,MIRCHHI PATTI
2106,KAMAL MOHATA,,SADAR BAZAR
1218,KAMAL RATHI,11309.00000 Dr,SADAR BAZAR
1655,KAMAL RATHI [2024-25],52400.00000 Dr,SADAR BAZAR
1064,KAMALA MARKETING,,MAHAVEER CHOWK
1032,KARANI FRIUT STORE,,DESHANOK
1935,KARANI FANCY STORE,,MEHARIYA MARKET
1033,KARANI GENERAL STORE,,DESHANOK
1122,KARANI KIRANA STORE -LAKHARA,,LAKHARA CHOWK
1153,KARANI STORE,1577.00000 Dr,MAROTHI CHOWK
1154,KASHIRAM SHARAMA,,KATALA CHOWK
1175,KASHIVISHAVNATH FANCY STORE,,MEHARIYA MARKET
1485,KAVYA BAKERY,,MAROTHI CHOWK
1250,KHANHAIYA LAL SHANTHI LAL,,BIKANER ROAD
M2869558,KHILJI GENERAL STORE,,RODA
M5900072,KHILJI KIRANA STORE,,JAMBESWER CHOWK
1191,KHIV RAJ BHANWARLAL,,MIRCHHI PATTI
1011,KHUSHAL CHAND MODI,,BUS STAND
2107,KHUSHBU BANGLES,336.00000 Dr,KATALA CHOWK
M7042142,KISHAN GOPAL PANCHARIA,,SADAR BAZAR
M7279001,KITTU VAIRAYATI STORE,,JAIN CHOWK
1034,KOTHARI GENERAL STORE,,DESHANOK
1155,KRISHANA CAKE,,MAROTHI CHOWK
1012,KRISHANA GENERAL STORE,1600.00000 Dr,NAGAUR ROAD
2019,KRISHANA GENERAL STORE-TEA,6500.00000 Dr,NAGAUR ROAD
1123,KRISHANA MEDICOES,,LAKHARA CHOWK
1124,KRISHANA TELICOM,,LAKHARA CHOWK
1176,LAKHARA FANCY STORE,,JAIN CHOWK
1251,LAKHARA GENERAL STORE,1432.00000 Dr,TAHASIL ROAD
1314,LAKHHI SETH MEGA MART,,LAKHARA CHOWK
1315,LAKHOTIYA GENERAL STORE,9445.00000 Dr,TAHASIL ROAD
1252,LAKOTIYA GEN STORE,,TAHASIL ROAD
1404,LAL CHAND LAXMI NARAYAN,,RODA
1065,LAL JI-HOSPITAL ROAD,,HOSPITAL ROAD
1013,LALA PAN BHANDAR,,NAGAUR ROAD
1219,LALU R,89420.00000 Cr,SADAR BAZAR
1156,LALWANI GENERAL STORE,9944.00000 Dr,JAMBESWER CHOWK
1035,LAXMI MEDICAL,,DESHANOK
1066,LAXMI FANCY STORE(JAIN CHOWK),2881.00000 Dr,JAIN CHOWK
1067,LAXMI GIFT.,11349.00000 Dr,JAIN CHOWK
1311,LEELA FANCY STORE[SARUNDA],,SARUNDA
1125,M.K COLLECTION,1458.00000 Cr,LAKHARA CHOWK
M4138568,MA CHAMUNDA GENERAL STORE,,RODA
1097,MA CHAMUNDA MISTHAN BHANDAR,,KATALA CHOWK
1571,MAA HARSIDDHI TEA STALL,,NAGAUR ROAD
1157,MAA KIRPA GENERAL STORE,,JAMBESWER CHOWK
1177,MAHADEV AGENCIES,,JAIN CHOWK
1126,MAHADEV KIRANA STORE,,LAKHARA CHOWK
1517,MAHADEV MISTHAN BHANDAR,2580.00000 Dr,NAGAUR ROAD
1466,MAHAVEER JI MALOO,,JAIN CHOWK
1253,MAHENDRA MOBILE,,LAKHARA CHOWK
1423,MAHESH JI LAKHOTIYA,1001.00000 Dr,TAHASIL ROAD
1036,MAHESH JI MODI,,DESHANOK
1458,MAHESHWARI PROVISION STORE,,KATALA CHOWK
1254,MAMATA FANCY STORE,,MEHARIYA MARKET
1178,MANGAL GAHLOT,,MEHARIYA MARKET
1179,MANISH CHHIMPA,,MEHARIYA MARKET
1255,MANISH DHARNIYA,3116.00000 Dr,BIKANER ROAD
1220,MANISH KHATRI,,SADAR BAZAR
2105,MANISH KIRANA STORE,6125.00000 Dr,TAHASIL ROAD
1256,MANJU SHREE,,POOJA COMPLEX
1221,MANOHAR JI PANCHARIA,4936.00000 Dr,SADAR BAZAR
1273,SHREE BALAJI STORE C/O MANOJ JI,7620.00000 Dr,TAHASIL ROAD
1702,SHREE BALAJI STORE C/O MANOJ JI-DHOOM,,TAHASIL ROAD
1228,SHREE BALAJI STORE RANJEET BHU,,SADAR BAZAR
1274,SHREE JAGDAMBA SWEETS,,TAHASIL ROAD
1164,SHREE JITENDRA STORE,4639.00000 Dr,MAROTHI CHOWK
1102,SHREE KANHA SWEETS,,KATALA CHOWK
1103,SHREE KISHAN NAND KISHOR,,KATALA CHOWK
1460,SHREE KISHAN PANDIT,,UGAMPURA
1229,SHREE KRISHNA STORE,,SADAR BAZAR
1287,SHREE LAXMI MOBILE,,LAKHARA CHOWK
M2843267,SHREE RAM DAIRY,,RODA
1019,SHREE RAM GENERAL STORE,,TAHASIL ROAD
1689,SHREE RAM GENERAL STORE-TEA,,TAHASIL ROAD
1142,SHREE RAM KIRANA STORE,1290.00000 Dr,LAKHARA CHOWK
1697,SHREE RAM KIRANA STORE-DHOOM,,LAKHARA CHOWK
1690,SHREE RAM KIRANA STORE-TEA,,LAKHARA CHOWK
1047,SHREE RAM NAND KISHOR MEHTA,,DESHANOK
1275,SHREE SHYAM ELECTICAL,,TAHASIL ROAD
1276,SHREE SHYAM JUICE AND ICECREAM,640.00000 Dr,TAHASIL ROAD
1277,SHREE SHYAM KIRANA STORE,,BIKANER ROAD
1278,SHREE SHYAM MEDICAL STORE,59.00000 Cr,TAHASIL ROAD
1131,SHREE VEER TEJA KIRANA STORE-SHIV JI,,LAKHARA CHOWK
1279,SHUBHAM TRADING COMPANY,,TAHASIL ROAD
1230,SHUKH JI CHANDAK,,SADAR BAZAR
1195,SHUSHIL JHANWER,,MIRCHHI PATTI
2018,SHUSHIL JHANWER-TEA,25500.00000 Dr,MIRCHHI PATTI
1409,SHUSHIL KATHATALA,,RODA
1082,SHUSHIL PARTANI,,JAIN CHOWK
1196,SHUSHIL PROVISION STORE-DHOOM,6125.00000 Dr,TAHASIL ROAD
1347,SHYAM COSMETIVE,,MEHARIYA MARKET
1416,SHYAM GENERAL STORE,,PANCHARIA CHOWK
1419,SHYAM JI RATHI,1037.00000 Dr,JAIN CHOWK
M5976769,Shyam kirana-Mirchhi patti,,MIRCHHI PATTI
1197,SHYAM LAL SHIV KUMAR,1010.00000 Dr,MIRCHHI PATTI
1920,SHYAM LAL SHIV KUMAR-DHOOM,973.00000 Dr,MIRCHHI PATTI
1691,SHYAM LAL SHIV KUMAR-TEA,18750.00000 Dr,MIRCHHI PATTI
1083,SHYAM SAROWAR,,MEHARIYA MARKET
1280,SHYAM TRADING COMPANY,,TAHASIL ROAD
M2247181,SIDDHI VINAYAK GENERAL STORE,4485.00000 Dr,RODA
1198,SITARAM AND COMPANY,5612.00000 Dr,MIRCHHI PATTI
1692,SITARAM AND COMPANY-TEA,30150.00000 Dr,MIRCHHI PATTI
1084,SITARAM DAGA,4332.00000 Dr,JAIN CHOWK
2203,SITARAM DAGA-TEA,6500.00000 Dr,JAIN CHOWK
1501,SITARAM JI PANCHARIA,,PANCHARIA CHOWK
M0645415,SOHAN GENERAL STORE,,BUS STAND
1281,STAYNARAYAN MAHESHKUMAR,,TAHASIL ROAD
1231,STAYNARAYAN SHYAM SUNDAR,,SADAR BAZAR
1282,SUBHAM TRADERS,,TAHASIL ROAD
1375,SUGAN CHAND RADHA KISHAN,,LAKHARA CHOWK
1143,SUGAN MAL PHUKRAJ,,LAKHARA CHOWK
1182,SUHAG BHANDAR MEDICAL,,MEHARIYA MARKET
1334,SUNDER JI CHARKADA,,CHARAKADA
1232,SUNDER KHARLOHIYA,,SADAR BAZAR
1660,SUNIL ANCHALIYA,,LAKHARA CHOWK
1144,SUNIL KUMAWAT,3825.00000 Dr,LAKHARA CHOWK
1233,SUNIL TAPRIYA,,SADAR BAZAR
1283,SUSWANI KIRANA STORE,,TAHASIL ROAD
M9186414,SWAROOP TRADING COMPANY (RAKESH GOYAL),,MIRCHHI PATTI
1145,SWARUP TRADING COMPANY,,LAKHARA CHOWK
1146,SWASTIK STATIONERY AND GENERAL,6490.00000 Dr,LAKHARA CHOWK
1234,TAPRIYA BROTHERS,,SADAR BAZAR
1608,TARACHAND FOOTWARE,962.00000 Dr,LAKHARA CHOWK
1567,THAKUR JI MIRCHHI BHANDAR,217.00000 Cr,MIRCHHI PATTI
1085,TIWARI AGENCY,,UGAMPURA
1086,TIWARI FANCY STORE,,JAIN CHOWK
1431,TIWARI GENERAL STORE,,UGAMPURA
1284,TIWARI PAN BHANDAR,,TAHASIL ROAD
1087,TOLARAM GENERAL STORE,,MAHAVEER CHOWK
1165,TULSI TRADING COMPANY,,MAROTHI CHOWK
1498,UNIC FANCY STORE,,SARUNDA
1088,UTSAV,12827.00000 Dr,MEHARIYA MARKET
1355,VANADANA FANCY STORE-GHANSHYAM FRND,,LAKHARA CHOWK
1288,VANDANA FANCY STORE,,MEHARIYA MARKET
1166,VASUDEV GANASHYAM,8153.00000 Dr,MAROTHI CHOWK
1285,VEER TEJA KIRANA STORE,,TAHASIL ROAD
1020,VEER TEJA SITARAM JI JAT,5233.00000 Dr,NAGAUR ROAD
1693,VEER TEJA SITARAM JI JAT-TEA,6000.00000 Dr,NAGAUR ROAD
1447,VEER TEJA TAHASIL ROAD,,TAHASIL ROAD
1235,VIKARAM TAPRIYA,,SADAR BAZAR
1183,VIKASH FANCY STORE,16751.00000 Dr,MEHARIYA MARKET
1089,VIMAL CHANDAK,5440.00000 Dr,JAIN CHOWK
1496,VISHAL KIRANA STORE,,LAKHARA CHOWK
1147,VISHAL MEDICOES,,LAKHARA CHOWK
1184,VISHANU FANCY STORE,3147.00000 Dr,MEHARIYA MARKET
1090,VISHANU TRADERS,7130.00000 Dr,MAHAVEER CHOWK
1560,VISHANU TRADING-PANCHARIA CHOWK,,PANCHARIA CHOWK
1695,VISHANU TRADING-PANCHARIA CHOWK-TEA,,PANCHARIA CHOWK
1236,VISHAVKARMA ELECTRICAL,,SADAR BAZAR
1302,VISHAWKRMA MACHINERY,,SADAR BAZAR
1185,YASIKA FANCY STORE,,MEHARIYA MARKET
1237,YOGESH MODI,,SADAR BAZAR
1238,ABHISHEK KUMAR ASHOK KUMAR,,TAHASIL ROAD
M8146523,AJIT GOYAL,3410.00000 Dr,SADAR BAZAR
1021,AMBE GENERAL STORE,,DESHANOK
1048,AMBE PAN BHANDAR,,JAIN CHOWK
1022,AMIT KIRANA&GENERAL STORE,3433.00000 Dr,DESHANOK
M1418997,ANAND KIRANA STORE,,RODA ROAD
1001,ANARDEEN TAILY,348.00000 Cr,BUS STAND
2146,ANCHALIYA TRADERS,,LAKHARA CHOWK
1167,ANJALI FANCY STORE,,MEHARIYA MARKET
M5746924,ANJANI GENRAL STORE (SHANKERJI),,JAMBESWER CHOWK
1049,APANA BAZAR,,JAIN CHOWK
2108,ARIHANT COSMETIVE,,JAIN CHOWK
1023,ARTI STORE,,DESHANOK
1104,ASHA SALES AGENCY,,LAKHARA CHOWK
1168,ASHAWARI FANCY STORE,,MEHARIYA MARKET
1169,ASHOK GAHALOT,1754.00000 Dr,MEHARIYA MARKET
1105,ASHOK KUMAWAT,,LAKHARA CHOWK
1024,ASHOKA PRODUCTS,,DESHANOK
1106,B D ENTERPRISES,,LAKHARA CHOWK
1398,BABU DARJI,2013.00000 Dr,KANKARIYA CHOWK
2110,BABU LAL JAT,,TAHASIL ROAD
1316,BABULAL JI [SARUNDA],51.00000 Dr,SARUNDA
1025,BAGAMAL NAHAR,,DESHANOK
1050,BAGARI FANCY STORE,,JAIN CHOWK
1107,BAID KIRANA STORE,,LAKHARA CHOWK
1200,BAJAJ PROVISION,,SADAR BAZAR
1299,BAJARANG JI NAI,,TAHASIL ROAD
1356,BAJARANG JI NAI-PURCHASE,,TAHASIL ROAD
1108,BALAJI COSMETIVE,14463.00000 Dr,LAKHARA CHOWK
1915,BALAJI COSMETIVE-NEW,23144.00000 Dr,LAKHARA CHOWK
1414,BALAJI DAIRY,,JAMBESWER CHOWK
1477,BALAJI FANCY STORE-PARDEEP,,JAIN CHOWK
1396,BARAT GEN STORE,,NAGAUR ROAD
1051,BARDIYA MEDICAL GENRAL STORE,3213.00000 Dr,HOSPITAL ROAD
1239,BENIWAL ELECTRICAL,,TAHASIL ROAD
2130,BHAFNA GENERAL STORE,,KANKARIYA CHOWK
2104,BHAIRU GOYAL,,HOSPITAL ROAD
1170,BHANSALI FANCY STORE,,MEHARIYA MARKET
1002,BHANWAR LAL GOURISHANKAR,7503.00000 Dr,BUS STAND
1052,BHANWAR LAL JAGDISH NARAYAN,,JAIN CHOWK
1186,BHANWAR LAL JAIN,1149.00000 Dr,MIRCHHI PATTI
1392,BHANWAR LAL JI GOYAL-GHANSHYAM,672.00000 Dr,MALANI BAS
1422,BHANWER JI KUMAWAT,,TAHASIL ROAD
1240,BHANWER JI RATHI,,TAHASIL ROAD
M1424486,BHATI GEN STORE,,RODA
M1378655,BHATI GENERAL STORE,,LAKHARA SHIV MANDIR
M5862833,BHAWANI FANCY STORE,,MEHARIYA MARKET
2001,BHAWANI TRADERS,6049.00000 Dr,MEHARIYA MARKET
1909,BHERUNATH TRADERS,,KATALA CHOWK
M2848127,BHOOMI GENERAL STORE,,RODA
1201,BIKANER KIRANA STORE,5270.00000 Dr,SADAR BAZAR
1241,BIKANER MRICHI BHANDAR,13308.00000 Dr,TAHASIL ROAD
1680,BIKANER MRICHI BHANDAR-TEA,25875.00000 Dr,NAGAUR ROAD
1003,BMD SWEETS,,BUS STAND
1171,BOMBAY AGENCY,20561.00000 Dr,MEHARIYA MARKET
M6847758,BRAHMAN TEA STALL SUJANGARH ROAD,,TAHASIL ROAD
1091,BUCHHA TRADERS,1.00000 Cr,KATALA CHOWK
1026,CENTRO GEN STORE,,DESHANOK
M5450944,CHAMPALAL RAMESHWAR LAL MUNDRA,3042.00000 Dr,MIRCHHI PATTI
1202,CHAND RATAN BAJAJ,,SADAR BAZAR
1092,CHAND RATAN SARSWAT,,KATALA CHOWK
1242,CHANDAK KIRANA STORE,,TAHASIL ROAD
1203,CHORDIYA PROVISIONAL STORE,,SADAR BAZAR
1148,DADA GENERAL STORE,,MAROTHI CHOWK
1109,DAMMANI MEDICAL-DAMMANI KATALA,,KATALA CHOWK
1027,DAUDHYAL PAN BHANDAR,,DESHANOK
1004,DAY NIGHT SWEETS,,BUS STAND
1149,DEEPAK AGENCIES,12032.00000 Dr,RODA ROAD
M8554550,DEEPAK JAAT,,RODA ROAD
1372,DEEPAK MAROTHI,,MAROTHI CHOWK
1172,DEHLI FANCY STORE,,MEHARIYA MARKET
1110,DEVRA FANCY STORE,1.00000 Cr,LAKHARA CHOWK
1339,Dhanesh Pancharia,,SADAR BAZAR
1204,DHANESH PHOTOSTATE,,SADAR BAZAR
1430,DHINESH BHATTER,,JAMBESWER CHOWK
1111,DHINESH SINDHI,,MIRCHHI PATTI
1053,DIVYA BEAUTY JHON,,JAIN CHOWK
1112,DULHAN SHOWROOM,,LAKHARA CHOWK
1054,DULICHAND HARIKISHAN,,JAIN CHOWK
1006,FAMILY RESTORENT NH 89,,BUS STAND
1093,FANCY STORE,,KATALA CHOWK
1427,GAHALOT GENERAL STORE,,UGAMPURA
1113,GANAPATI GEN STORE,,LAKHARA CHOWK
1205,GANESH BAJAJ,,SADAR BAZAR
1094,GANESH BHANDAR,,KATALA CHOWK
1243,GANESH GEN STORE,,TAHASIL ROAD
1342,GANESH JI PARAKH,,JAIN CHOWK
1187,GARIMA KIRANA STORE,,MIRCHHI PATTI
1114,GAURAKSHA MEDICAL,,LAKHARA CHOWK
1206,GAUTAM CHAND LUNIYA,,SADAR BAZAR
1055,GMB NAMKEEN,2296.00000 Dr,JAIN CHOWK
1028,GOPAL CHAND GANESH DAS,,DESHANOK
1908,GOPAL MAHASHWARI,,MIRCHHI PATTI
1150,GOPAL PARJAPAT,2.00000 Cr,LAKHARA CHOWK
1007,GOPIRAMBHIKHAM CHAND,3712.00000 Dr,BUS STAND
1222,MANOJ BAJAJ,,SADAR BAZAR
1223,MANOJ KUMAR&COMPANY,,SADAR BAZAR
M2142912,MANOJ KUMAR AND COMPANY,,SADAR BAZAR
1127,MANOJ KUMAR MAHESH KUMAR,,SADAR BAZAR
1128,MARWAD MIRCH BHANDAR,13062.00000 Dr,LAKHARA CHOWK
1698,MARWAD MIRCH BHANDAR-DHOOM,,LAKHARA CHOWK
1704,MARWAD MIRCH BHANDAR-TEA,,LAKHARA CHOWK
1037,MARWAD TRADERS,,DESHANOK
M5473591,MODI JI MITHAAI WALE,,HOSPITAL ROAD
1068,MOHAN BHOG,,KATALA CHOWK
1224,MOHAN LAL RAMKISHAN,,SADAR BAZAR
M2844493,MOHTA KIRANA STORE,2987.00000 Dr,RODA
1257,MONIKA STORE,3568.00000 Dr,TAHASIL ROAD
1705,MONIKA STORE-TEA,3675.00000 Dr,TAHASIL ROAD
1910,MOTI LAL NILESH KUMAR,1548.00000 Dr,LAKHARA CHOWK
1038,MUMATAJ ALI,,DESHANOK
1192,MUNDRA GENERAL STORE,1676.00000 Dr,MIRCHHI PATTI
1098,MUNDRA KIRANA STORE(KATALA),,KATALA CHOWK
1039,MUSKAN GENERAL STORE,,KATALA CHOWK
1294,MUST BEAUTY PARLOUR,,JAIN CHOWK
1129,NAMAN GENERAL STORE,,LAKHARA CHOWK
M1439867,NAMDEV FANCY STORE,,JAIN CHOWK
1099,NARAYAN FOOT WARE,3054.00000 Dr,KATALA CHOWK
1470,NARAYAN SINGH JI[SARUNDA],3718.00000 Dr,SARUNDA
1193,NARESH KIRANA STORE,,MIRCHHI PATTI
1321,NARSING JI PANCHU,,PANCHU
1158,NAVKAR TRADING COMPANY,,LAKHARA CHOWK
1369,NAYRA CAFE,,MAROTHI CHOWK
1258,NAYYER MEDICAL,,TAHASIL ROAD
1730,NEEL GAGAN DAIRY,3781.00000 Dr,PANCHARIA CHOWK
M9333504,NEW VISHNU FANCY STORE,,HOSPITAL ROAD
1159,NOKHA KIRANA STORE,,MAROTHI CHOWK
1180,OM FANCY STORE,,MEHARIYA MARKET
1130,OM VISHNU KIRANA STORE,,LAKHARA CHOWK
1384,P P TRADING COMPANY,,SADAR BAZAR
1259,PANCHARIA DAIRY NEAR RTO OFFICE,,TAHASIL ROAD
1225,PANCHARIA SALES AGENCY,,SADAR BAZAR
1260,PANKAJ RATHI,,TAHASIL ROAD
1421,PARBHU JI PAREEK,,TAHASIL ROAD
1014,PAREEK HOTEL AND RESTROENT,,BIKANER ROAD
1040,PARI CHOICE,,DESHANOK
1226,PARJAPAT ELECTRIC,,SADAR BAZAR
1471,PAWAN HOTEL,,RODA ROAD
1069,PAWAN JAIN,,JAIN CHOWK
1261,PAWAN KUMAR AND COMPANY,9017.00000 Dr,TAHASIL ROAD
1686,PAWAN KUMAR AND COMPANY-TEA,,TAHASIL ROAD
1070,PAWAN MEDICAL&GENERAL STORE,,JAIN CHOWK
1015,PAWNA PAN BHANDAR,1948.00000 Dr,BIKANER ROAD
M2867948,PEMARAM NAI,,RODA
1071,PHALODIYA STORE,3488.00000 Dr,JAIN CHOWK
1687,PHALODIYA STORE-TEA,12500.00000 Dr,JAIN CHOWK
1566,PHURKHARAM LAXMINARAYAN,,LAKHARA CHOWK
M2846462,POOJA CLOTH AND TAILERS,,RODA
1072,POOJA FANCY STORE,,JAIN CHOWK
1132,PRAJAPAT KIRANA STORE-MOHAN JI,,LAKHARA CHOWK
1133,PRAJAPAT FLOOR MEAL,5838.00000 Dr,LAKHARA CHOWK
1134,PRAJAPAT GENERAL STORE--KHUM JI,,LAKHARA CHOWK
1135,PRAJAPTI FASHION,19774.00000 Dr,LAKHARA CHOWK
1073,PRAKASH CHAND JAIN,,JAIN CHOWK
1016,PRAKASH TEA STALL,,BIKANER ROAD
M5970164,PRAKASH TEA STALL-HOSPITAL ROAD,3020.00000 Dr,HOSPITAL ROAD
1041,PREM RATAN GANESH DAS,,DESHANOK
1160,PRINCE PHLODIYA,,MAROTHI CHOWK
1074,PRIYA ENTERPRISES,,MAHAVEER CHOWK
1291,PRIYANKA FANCY STORE,2875.00000 Dr,MEHARIYA MARKET
1075,PURSHOTAM TIWARI,,UGAMPURA
1262,R.R.MEGA MART,,TAHASIL ROAD
1042,RADHE FANCY STORE,,MEHARIYA MARKET
1263,RADHIKA FANCY STORE D.N TAWER,5740.00000 Dr,TAHASIL ROAD
1594,RADHIKA FANCY STORE JAIN CHOWK,,JAIN CHOWK
1181,RADHYE FANCY STORE[MAHARIYA MARKET],,MEHARIYA MARKET
1076,RADHYE KRISHNA FANCY STORE,,JAIN CHOWK
1429,RADHYE RADHYE GENERAL STORE,,RODA
1264,RADHYE SHYAM LAKHOTIYA,,MIRCHHI PATTI
1136,RAJESH JHANWAR,3740.00000 Dr,LAKHARA CHOWK
1137,RAJSHREE BANGELS&FANCY STORE,,LAKHARA CHOWK
1138,RAJSTHAN ELECTRICAL,,LAKHARA CHOWK
1,RAJU BHISHNOI,,TAHASIL ROAD
1265,RAJU JI NAI,,TAHASIL ROAD
1161,RAJU PHALODIYA,,MAROTHI CHOWK
1286,RAJU TV,,LAKHARA CHOWK
1043,RAM JI PAN PLACE,,DESHANOK
1350,RAM LAL JI PARJAPAT,,LAKHARA CHOWK
1227,RAM STORE,,SADAR BAZAR
1341,RAMCHANDRA KIRANA STORE,,NAGAUR ROAD
1100,RAMDEV GENERAL STORE,,KATALA CHOWK
1440,RAMDEV TRADERS,5727.00000 Dr,TAHASIL ROAD
1139,RAMDEV VAIRAYATI,3.00000 Cr,LAKHARA CHOWK
1017,RAMESH FLOOR MEAL,,LAKHARA CHOWK
1425,RAMESH GENERAL STORE,2702.00000 Dr,JAMBESWER CHOWK
1267,RAMESH JI TIWARI,,TAHASIL ROAD
1140,RAMESH KIRANA STORE,,LAKHARA CHOWK
1077,RANGOLI,6008.00000 Dr,JAIN CHOWK
1044,RATHORE MEDICAL STORE,,DESHANOK
1433,RIDHHI SIDDHI GENERAL STORE-NEW SOAP,,TAHASIL ROAD
1018,RIDHI SIDHI GENERAL STORE,,NAGAUR ROAD
1688,RIDHI SIDHI GENERAL STORE-TEA,,NAGAUR ROAD
1078,RIDHI SIDHI TRADERS,,HOSPITAL ROAD
1515,RONAK FANCY STORE,,DESHANOK
1079,RONAK KIRANA STORE,,JAIN CHOWK
1344,RUP JI GAHALOT,,MEHARIYA MARKET
1397,S.K GENERAL STORE,12900.00000 Dr,KANKARIYA CHOWK
M5890186,S.K.MINI MART,,RODA
1268,SALASHAR TRADERS,,TAHASIL ROAD
1080,SAMATA STORE NEAR KAMALA MAR.,,MAHAVEER CHOWK
1269,SANDEEP TIWARI,494.00000 Cr,TAHASIL ROAD
1045,SANJAI MODI,,DESHANOK
1270,SANJAI PAN,,DESHANOK
1417,SARSWAT DAIRY,,MOHAN PURA
1101,SARSWAT GENERAL STORE,,KATALA CHOWK
M2862318,SARSWATI KIRANA AND GENERAL STORE,,RODA
1162,SETHIYA STORE,,LAKHARA CHOWK
M3340410,SHAIF FANCY STORE,2009.00000 Dr,KATALA CHOWK
1194,SHIV JI MODI,,MIRCHHI PATTI
1046,SHIV SAKTI GENERAL STORE,,DESHANOK
1163,SHRAMA JI CHHATE WALA,,MAROTHI CHOWK
1476,SHRAMA JI -KATALA CHOWK,,KATALA CHOWK
1141,SHRAWAN KIRANA STORE,221.00000 Dr,LAKHARA CHOWK
2017,SHRAWAN KIRANA STORE-TEA,13000.00000 Dr,LAKHARA CHOWK
1081,SHREE ARIHANT PHARMA,,MAHAVEER CHOWK
1271,SHREE BALAJI FANCY STORE,,BIKANER ROAD
1432,SHREE BALAJI GENERAL STORE-LAKHARA SHIV MANDIR,,LAKHARA SHIV MANDIR
1272,SHREE BALAJI KIRANA STORE,,NAGAUR ROAD
