Product,Cost,MRP
22 NUMBER TALCUM,31.25,65
22 NUMBER TALCUM,4500,65
7 O CLOCK RAZOR[SP],78.281,99
7 O CLOCK RAZOR[SP],78.281,99
7 O CLOCK RAZOR[SS],37.79,49
7 O CLOCK RAZOR[SS],1,1
7 O CLOCK RAZOR[SS],37.79,49
7 O CLOCK RAZOR[SS],4520.525,40
7 O CLOCK RAZOR[ST],104,125
7 O CLOCK RAZOR[ST],10,125
A.K.GLYCERIN 50GM,13,40
A.K.GLYCERIN 50GM,11.603,37
A.K.GLYCERIN 100GM,25,73
A.K.GLYCERIN 100GM,4907.717,66
A.K.GLYCERIN 200GM,46,127
A.K.GLYCERIN 200GM,41.84,96
A.K.GLYCERIN 400GM,90,235
A.K.GLYCERIN 400GM,4076.723,210
Adhsaive Tape,45.669,100
ALL OUT COMBI,83.996,105
ALL OUT COMBI,79.804,100
ALL OUT COMBI+2 REFILL,122.235,172
ALL OUT COMBI+2 REFILL,122.235,172
ALL OUT REFILL 45ML,37.39,80
ALL OUT REFILL 45ML,62.523,80
ALL OUT REFILLES 2 PACK,72.44,155
AMLA 500ML+AMLA 300ML,169.717,230
Ariel Complete 1.5kg,320.553,362
Ariel Complete 1.5kg,289.083,355
Ariel Complete 4kg,684.35503,1629
ARIEL LIQ 900GM FL,0,0
ARIEL LIQ 900GM TL,116.22,149
ARIEL MATIC 5.8KG+500G LIQ TL,1028.846,1150
Ariel PerfctWsh Rs10,7.84,10
Ariel PerfctWsh Rs10,450,120
Ariel PerfctWsh Rs10(60),7.5,10
Ariel PW Blue 1kg,117.75,140
Ariel PW Blue 1kg,2760,138
Ariel PW Blue 500g,59,72
Ariel PW Blue 500g,2760,69
AVDH Imli Candy 220 pc 20 jar Rs 220 (TR),138.603,220
AVDH Namkeen Katori Tomato 13 Gm 96 Pkt Rs 5 - With Party Toys,44.36,60
AVDH Namkeen Noodles Masala 12 Gm 96 Pkt Rs 5 - With Race Toys,3.58,5
AVDH Namkeen Noodles Masala 13 Gm 96 Pkt Rs 5 - With Race Toys,43.97,60
AVDH Namkeen Pasta Masala 17 gm 180 Pkt Rs 5,3.7,5
AVDH Namkeen Pasta Masala 18 Gm 180 Pkt Rs 5,44.36,60
AYU HEENA 45GM,19.09,45
AYU HEENA 45GM,7788.72,45
AYU HEENA[FAST CONE],4680,192
AYU HEENA[FAST CONE],52,192
AYU HEENA[MULTANI MITTI POWDER],0.01,45
AYU HEENA[MULTANI MITTI POWDER],0.01,45
BAJAJ ALMOMD 600ML,363.12,445
BAJAJ ALMOMD 600ML+95ML,363.12,445
BAJAJ ALMOMD 700ML OFFER,3563.52,400
BAJAJ ALMOMD 700ML OFFER,326.605,435
BAJAJ ALMOND 190ML,145,145
BAJAJ ALMOND 190ML,125.628,150
BAJAJ ALMOND 190ML,123.43,145
BAJAJ ALMOND 190ML -GST,156.991,185
BAJAJ ALMOND 190ML OFFER,3698.82,725
BAJAJ ALMOND 190ML OFFER,1905.73,2250
BAJAJ ALMOND 190ML OFFER,616.47,725
BAJAJ ALMOND 190ML OFFER.,0,0
BAJAJ ALMOND 19ML,179.906,240
BAJAJ ALMOND 19ML,179.906,240
BAJAJ ALMOND 2.4ML,0.757,1
BAJAJ ALMOND 2.4ML,0.757,1
BAJAJ ALMOND 2.4ML (95+5)-GST,79.997,95
BAJAJ ALMOND 2.4ML OFFER,80.45,95
BAJAJ ALMOND 200ML-GST,140.336,165
BAJAJ ALMOND 24ML,90.11,120
BAJAJ ALMOND 24ML,1843.2,120
BAJAJ ALMOND 24ML (17+1),138.0604,170
BAJAJ ALMOND 24ML OFFER,91.986,110
BAJAJ ALMOND 24ML OFFER.,91.982,110
BAJAJ ALMOND 285ML,188.44,225
BAJAJ ALMOND 285ML,202.097,240
BAJAJ ALMOND 285ML,3277.26,215
BAJAJ ALMOND 285ML -GST,224.8684,265
BAJAJ ALMOND 285ML OFFER,2160.38,2580
BAJAJ ALMOND 285ML OFFER.,5052.197,6000
BAJAJ ALMOND 285ML*12+35ML,2532.606,3000
BAJAJ ALMOND 305ML-GST,204.133,240
BAJAJ ALMOND 35ML[5+1],82.693,100
BAJAJ ALMOND 35ML[5+1],1653.857,100
BAJAJ ALMOND 35ML[5+1]-GST,191,220
BAJAJ ALMOND 45ML,31.493,39
BAJAJ ALMOND 45ML-GST,36.44705,44
BAJAJ ALMOND 45ML[13+1],481,481
BAJAJ ALMOND 45ML[13+1],2373.954,481
BAJAJ ALMOND 475ML,336.11,385
BAJAJ ALMOND 475ML,3319.68,325
BAJAJ ALMOND 475ML OFFER,329.0056,400
BAJAJ ALMOND 475ML OFFER,3302.64,325
BAJAJ ALMOND 475ML-GST,334.21,400
BAJAJ ALMOND 500ML-GST,304.072,365
BAJAJ ALMOND 500ML+NIVEA FR-GST,297.83,365
BAJAJ ALMOND 600ML,342.72,420
BAJAJ ALMOND 95ML,59.09,72
BAJAJ ALMOND 95ML,2502.4,72
BAJAJ ALMOND 95ML OFFER,65.68,80
BAJAJ ALMOND 95ML-GST,75.52095,89
BAJAJ ALMOND 95ML+15%,717.57,850
BAJAJ AMLA 160ML,28.549,40
BAJAJ AMLA 160ML,1712.946,40
BAJAJ AMLA 240ML,43.937,65
BAJAJ AMLA 240ML,43.937,65
BAJAJ AMLA 3000ML OFFER,90.58,125
BAJAJ AMLA 300ML,60.901,85
BAJAJ AMLA 300ML,72.81,89
BAJAJ AMLA 300ML,60.901,85
BAJAJ AMLA 300ML,68.84,95
BAJAJ AMLA 30ML[5+1],37.006,50
BAJAJ AMLA 30ML[5+1],1501.6,50
BAJAJ AMLA 500ML,112.738,155
BAJAJ AMLA 500ML,2021.58,155
BAJAJ AMLA 75ML[10+2],173.62,200
BAJAJ AMLA 75ML[5+1],75.09,100
BAJAJ AMLA 75ML[5+1],1510.449,100
BAJAJ BTP 110GM,52.207,66
BAJAJ BTP 110GM,4176.521,66
BAJAJ BTP 220GM,81.149,97
BAJAJ BTP 220GM,81.149,97
BAJAJ BTP 30GM,20.775,25
BAJAJ BTP 30GM,20.775,25
BAJAJ BTP 50GM,29.171,35
BAJAJ COCONUT OIL 100ML,33.96,44
BAJAJ COCONUT OIL 100ML,44.40156,55
BAJAJ COCONUT OIL 100ML,3260.16,44
BAJAJ COCONUT OIL 100ML,2893.784,44
BAJAJ COCONUT OIL 100ML[JAR],28.428,46
BAJAJ COCONUT OIL 100ML[JAR],2729.092,46
BAJAJ COCONUT OIL 175ML,76.69,95
BAJAJ COCONUT OIL 175ML OFFER,91.992,120
BAJAJ COCONUT OIL 175ML OFFER,3252.96,84
BAJAJ COCONUT OIL 175ML OFFER[JAR],58.167,75
BAJAJ COCONUT OIL 175ML OFFER[JAR],58.167,75
BAJAJ COCONUT OIL 240ML,100.9125,125
BAJAJ COCONUT OIL 25ML,7.96017,10
BAJAJ COCONUT OIL 25ML,6.905,10
BAJAJ COCONUT OIL 300ML,137.01,168
BAJAJ COCONUT OIL 300ML,4664.64,115
BAJAJ COCONUT OIL 45ML,14.61,20
BAJAJ COCONUT OIL 45ML,3131.52,20
BAJAJ COCONUT OIL 475ML,185.6813,230
BAJAJ COCONUT OIL 600ML,3685.2,199
BAJAJ COCONUT OIL 600ML,185.6813,230
BAJAJ COCONUT OIL 600ML[JAR],117.44,225
BAJAJ COCONUT OIL 600ML[JAR],2818.548,225
BAJAJ GULABJAL 120ML,204.96,245
BAJAJ GULABJAL 120ML,204.962,245
BAJAJ GULABJAL 30ML,6.479,10
BAJAJ GULABJAL 30ML,6.479,10
BAJAJ GULABJAL 60ML,17.429,25
BAJAJ GULABJAL 60ML,17.429,25
BAJAJ SARSO 160ML,35.993,50
BAJAJ SARSO 160ML,35.993,50
BAJAJ SARSO 34ML[5+1],41.815,50
BAJAJ SARSO 34ML[5+1],100,100
BAJAJ SARSO 34ML[5+1],1746,50
BAJAJ SARSO 34ML[5+1],1606.2,100
BAJAJ SARSO 500ML,122.689,159
BAJAJ SARSO 500ML,2226.24,170
BAJAJ SARSO 500ML-GST,126.59062,175
BALAMA HEENA 10G,0.01,100
BALAMA HEENA 10G,0.01,100
BAR CAKE GOBBLES CHOCHO MRP-13.5,12.81,15
BAR CAKE GOBBLES FRUIT MRP-15,12.811,15
BAR CAKE GOBBLES FRUIT MRP-27,25.622,30
BAR CAKE GOLBBLES CHOCHO MRP-27,25.622,30
BAR VEG FRUIT MRP-25,21.3525,25
BEARDEO DEO 100GM[DON],127.168,299
BEARDEO DEO 100GM[DON],127.168,299
BEARDEO DEO 100GM[LEG],127.801,299
BEARDEO DEO 100GM[LEG],127.801,299
BELL 100GX5[CREAM],93.939,140
BELL 100GX5[CREAM],93.939,140
BELL 100GX5[LIME],95.123,140
BELL 100GX5[LIME],95.123,140
BELL 100GX5[ROSE],95.122,140
BELL 100GX5[ROSE],95.122,140
BOM FRESHMINT STICK 18.6GM,178.179,216
BOM LOLLYPOP FRUIT 12*48*10.5GM,174.485,216
BOM STRAWBARRY MP STICK 18.6GM,178.179,216
BOOMER MINT 3GM,140.049,180
BOOMER STRAWBERRIES 3.4GM,130.001,180
BOOMER STRAWBERRIES 3.4GM,2128,180
BOOMER STRAWBERRIES 3.4GM-GST,133,180
BOOMER STRAWBERRIES 3.4GM-GST-,148,200
BORO SOFT 100ML,123.197,199
BORO SOFT 100ML,123.197,199
BORO SOFT 25ML,27.808,49
BORO SOFT 25ML,27.808,49
BORO SOFT 50ML,61.71,100
BORO SOFT 50ML,61.711,100
BORO+ 19ML GST,35.295,42
BORO+ 40ML GST,70.588,84
BORO+ 6ML,403.818,480
BORO+ 80ML GST,130.251,155
BORO+ ALOEVEERA GEL 150GM,0,110
BORO+ ALOEVEERA GEL 50GM,38.907,55
BOROLINE 20GM,38,45
BOROLINE 20GM,37.001,45
BOROLINE 20GM-GST,32.996,40
BOROLINE 40GM-GST,64.995,80
BOROPLUS 19ML,38.207,45
BOROPLUS 19ML,37.504,45
BOROPLUS 40ML,74.045,90
BOROPLUS 40ML,17770.799,90
BOROPLUS 6ML,403.818,480
BOROPLUS 80ML OFFER,134.336,160
BOROPLUS 80ML OFFER,134.336,160
BOROPLUS LOATION 100ML,77.165,90
BOROPLUS LOATION 100ML,77.165,90
BOROPLUS LOATION 300ML[1+1],249.18,319
BOROPLUS LOATION 300ML[1+1],246.515,320
BOROPLUS LOATION 300ML[1+1] GST,266.9798,319
BOURBON MRP-10,8.6,10
BOURBON MRP-10,1204,10
BOURBON MRP-10 GST (MARGIN 9.8),8.65318,10
BOURBON MRP-10 GST PACK CASE,1211.44,1400
BOURBON MRP-20-GST,17.30637,20
BOURBON MRP-30,12.9797,30
BOURBON MRP-40,1651.2,40
BOURBON MRP-40,34.39,40
BOURBON MRP-40-GST,34.6129,40
BRITANNIA GHEE 1LTR,635.8,720
BRITANNIA GHEE 1LTR,616.474,700
BROWNIE NON VEG MRP-20,16.4635,20
BSC 3-IN-1 HAIR MULTISTYLER,1851.537,3999
BSC 6-IN-1 SENS TRIMMER,1036.47,1599
BSC BALLS& BODY GROOMER TRIMMER,972.3,2000
BSC BEARD TRIMMER,495.76,1000
BSC BEARD TRIMMER BLACK,666.17,1199
BSC BEARD TRIMMER EDGE POWER PLAY EDGE,0.01,1000
BSC BIKNI RAZOR 2PC,83.622,129
BSC BODY WAX STRIPS,77.14,119
BSC CHARCOAL FACE WASH 100GM,106.03,229
BSC CHARCOAL FACE WASH 50GM,59.5,119
BSC COFFEE D TAN FACE WASH 100GM,106.03,229
BSC COFFEE D TAN FACE WASH 50GM,68.99,149
BSC DEO AQUA 150ML,78.51,200
BSC DEO MUSK 150ML,87.96,225
BSC DISPOSABLE RAZOR,39.35,85
BSC FACIAL HAIR MINI TRIMMER,517.93,799
BSC FOAM CHARCOAL 50GM,61.57,95
BSC GLAM UP FACE RAZOR 3 PCS,149.87,249
BSC GLAMUP FACE RAZOR,59.58,99
BSC GROOMING KIT 7 IN 1,254.419,350
BSC HAIR REMOVAL CRM,58.33,90
BSC HR SHEA BUTTER 30 GM,39.49,90
BSC NOSE& EAR TRIMMER,509.31,1000
BSC PORTABLE HAIR STRAIGHT,1619.852,2499
BSC RAZOR,11.51,20
BSC ROLL ON 40ML,92.23,249
BSC SC CHARCOAL 78GM,61.57,95
BSC SC TURMERIC 78GM,61.57,95
BSC SENCI SMART 3 CRT,96.57,149
BSC SENCI SMART 3 RAZOR,48.29,149
BSC SENCI SMART RAZOR+FOAM,96.582,149
BSC SENCI STUD RAZOR,11.571,25
BSC SH FOAM CHARCHOL 425GM,118.52,299
BSC SHARMAX BLADE SALOON PACK,69.44,150
BSC TUR ASL 100ML,167.89,259
BSK-25 MEETHA NAMKEEN 378GM,99.232,130
BSK-25 MEETHA NAMKEEN 723GM,198.473,260
CHIK SHM 6ML[BLACK],8.047,20
CHIK SHM 6ML[BLACK],8.047,20
CHIK SHM 6ML[ONION],615,60
CHIK SHM 6ML[ONION],10.25,60
CHIK SHM 6ML[WHITE],668.897,16
CHIK SHM 6ML[WHITE],11.148,16
CILNIC PLUS SHM 1000ML-GST,376,1075
CILNIC PLUS SHM 175ML,102.427,149
CILNIC PLUS SHM 175ML,149,149
CILNIC PLUS SHM 175ML-GST,111.272,153
CILNIC PLUS SHM 340ML,6330,358
CILNIC PLUS SHM 340ML,211,358
CILNIC PLUS SHM 355ML-GST,205,340
CILNIC PLUS SHM 6ML[EGG],11.42,16
CILNIC PLUS SHM 6ML[EGG],11.417,16
CILNIC PLUS SHM 6ML[PLAIN],694.8,16
CILNIC PLUS SHM 6ML[PLAIN],11.4,16
CILNIC PLUS SHM 6ML[PLAIN]-GST,11.503,16
CILNIC PLUS SHM 80ML,45.89,59
CILNIC PLUS SHM 80ML,45.89,59
CILNIC PLUS SHM 80ML-GST,35.632,49
CLEAN& CLEAR FW 100ML,122,180
CLEAN& CLEAR FW 100ML,122,180
CLEAN& CLEAR FW 150ML,165.01,285
CLEAN& CLEAR FW 30ML,240,330
CLEAN& CLEAR FW 30ML,269.983,330
CLEAN& CLEAR FW 50ML,67.45,95
CLEAN& CLEAR FW 50ML,80.134,99
CLINIC PLUS SHM 75ML,3461.71,64
CLINIC PLUS SHM 75ML,49.453,64
CLOSE-UP 150GM,8640,135
CLOSE-UP 150GM,94.5,125
CLOSE-UP 20GM,2222.703,10
CLOSE-UP 20GM,7.718,10
CLOSE-UP 300GM OFFER,148.694,240
CLOSE-UP 300GM OFFER,148.694,240
CLOSE-UP 40GM[6+1],96,120
CLOSE-UP 40GM[6+1],20,20
CLOSE-UP 40GM[6+1]-GST,95.508,120
CLOSE-UP 80GM OFFER,7492.48,140
CLOSE-UP 80GM OFFER,70,70
CLOSE-UP 80GM OFFER-GST,89,130
COLGATE 100GM,62.18,70
COLGATE 100GM,62.874,76
COLGATE 100GM,9053.28,76
COLGATE 100GM,76,76
COLGATE 100GM-GST,59.3922,73
COLGATE 175GM[CIBACA],4083.468,75
COLGATE 175GM[CIBACA],55.011,68
COLGATE 200GM,115.188,136
COLGATE 200GM,125.304,149
COLGATE 200GM,8704.8,143
COLGATE 200GM,125.304,143
COLGATE 200GM-GST,114.1363,130
COLGATE 200GM[CIBACA]-GST,55.01811,68
COLGATE 300GM,159.241,199
COLGATE 300GM,159.241,199
COLGATE 38GM,4713.408,20
COLGATE 38GM,16.178,20
COLGATE 50GM[VISIABLE WHITE],83.502,99
COLGATE BRUSH -KIDS-1S-GST,17.398,30
COLGATE BRUSH [GEN SEN],85.25,155
COLGATE BRUSH [GEN SEN],85.25,155
COLGATE BRUSH [SUPER FLEXI],1650,300
COLGATE BRUSH [SUPER FLEXI],165,300
COLGATE BRUSH [ZIG-ZAG],66,120
COLGATE BRUSH [ZIG-ZAG],66,120
COLGATE BRUSH MRP-198,0,0
COLGATE BRUSH-KIDS-GST,105.597,180
COLGATE BRUSH[FLEXI] MRP-198,102,198
COLGATE MAX FRESH 38GM,0.01,20
COLGATE MAX FRESH 38GM,0.01,20
COLGATE MRP-10,7.73,10
COLGATE MRP-10,7.729,10
COLGATE MRP-10,2249.741,10
COLGATE MRP-10,7.729,10
COLGATE MRP-10-GST,7.584,10
COLGATE MRP-20 GST,15.817,20
Corrugated Box Chips 280 Pkt,2.167,2.24
CREAM GIL Lime 30GM GST,31.69459,40
CREAM GIL LIME 93G-GST,55.004,71
CREAM GIL REG 30GM GST,31.69459,40
CREAM GIL REG 93GM GST,55.004,71
CROISSANT MRP-20[COCOA],340.896,20
CROISSANT MRP-20[COCOA],17.045,20
CROISSANT MRP-20[MIXED FRUIT],340.896,20
CROISSANT MRP-20[MIXED FRUIT],17.045,20
CROISSANT MRP-20[VANILLA],340.896,20
CROISSANT MRP-20[VANILLA],17.045,20
D-MINT PEP STICK 13GM,148.484,180
D-MINT PEP THINMINT 20X20X3.2G,164.985,200
DABAUR ANMOL 550ML,215,400
DABAUR ANMOL 600ML,2640,271
DABAUR ANMOL 600ML,145,296
DABUAR GULABJAL 250ML,64.224,88
DABUAR GULABJAL 250ML,64.224,88
DABUR ALMOND 485+95ML,155,309
DABUR AMLA 500ML,85.997,131
DABUR AMLA PUMP 550 ML,150,300
DANTKANTI 100GM,48.54,60
DANTKANTI 100GM,48.54,60
DANTKANTI 100GM,0,60
DANTKANTI 100GM,60,60
DANTKANTI 100GM[FREASH ACT],52.117,65
DANTKANTI 100GM[FREASH ACT],52.117,65
DANTKANTI 200GM,94.825,115
DANTKANTI 200GM,94.08,115
DANTKANTI 300GM OFFER,143.854,175
DANTKANTI 300GM OFFER,143.854,175
DANTKANTI 45GM[FREASH ACT],16.03,20
DANTKANTI 45GM[FREASH ACT],16.03,20
DANTKANTI MRP-10,7.5,10
DANTKANTI MRP-10,7.5,10
DANTKANTI MRP-20,16.158,20
DANTKANTI MRP-20,16.158,20
DENVER DEO 150ML,117.001,230
DENVER DEO 200ML,124,285
DENVER DEO 200ML,124,285
DENVER TALCUM 300GM[1+1],1809.4,235
DENVER TALCUM 300GM[1+1],90.47,235
DENVER TALCUM 100GM[1+1],1905.5,99
DENVER TALCUM 100GM[1+1],39.6,99
DENVER TALCUM 100GM[1+1]-GST,65.12,176
DENVER TALCUM 50GM[1+1],45.45,100
DENVER TALCUM 50GM[1+1],45.45,100
DENVER TALCUM 50GM[1+1]-GST,36.26,98
DERMICOOL 150GM,7134.6,159
DERMICOOL 150GM,115.40022,155
DERMICOOL 18GM,7.55,10
DETTOL ANTISEPTIC LIQ 125ML,71.25,83.03
DETTOL ANTISEPTIC LIQ 250ML,136.998,159.37
DETTOL LIQ HAND WASH 210ML,112.514,258
DETTOL SOAP 100GM*5,153.329,182
DETTOL SOAP 150G,45.864,58.8
DETTOL SOAP 150G,45.864,58.8
DETTOL SOAP MRP-10,8.55,10
DETTOL SOAP MRP-10,8.55,10
DETTOL SOAP MRP-10,0,10
DETTOL SOAP MRP-10,8.55,10
DETTOL SOAP MRP-10-GST,8.641,10
DHOOM BLANKET,0.01,1
DHOOM BUKET 16 LTR,0,0
DHOOM CAMPER 05 LTR,0.0098,1
DHOOM CAMPER 10 LTR,0.01,1
DHOOM DETARGENT BAR 180GM,0.01,10
DHOOM DETARGENT BAR 240GM,8,10
DHOOM DISHWASH TUB 1KG,42.93,71
DHOOM DISHWASH TUB 500G,25.166,50
DHOOM EVEREADY HEATER 2 ROD,0.01,1
DHOOM FLUXPRO TOILET CLEANER ROSE 1 LTR,80.75,192
DHOOM FLUXPRO TOILET CLEANER ROSE 500 ML,45.25,111
DHOOM FLUXXPRO LIQUID DISHWASH 500ML,63.625,120
DHOOM KETTALE 1.5 LTR,0.01,1
DHOOM MODWARE WATER JUG,0,672
DHOOM RICH CRAFT CUP SET,0.01,1
DHOOM SANJEEV KAPOOR ELITE SET 3PCS,0,1
DHOOM SUPER WHITE 1KG,52.45539,71
DHOOM SUPER WHITE 2KG,88.18,142
DHOOM SUPER WHITE 3KG,156.339,320
DHOOM SUPER WHITE 3KG PACK BAG,1573.66146,3200
DHOOM SUPER WHITE 5KG,0.01,430
DHOOM SUPER WHITE 5KG PACK BAG,1728.594,2580
DHOOM SUPER WHITE 75G,0.01,10
DHOOM THERMO MEAL SET 4 TIFFIN,0.01,1
DHOOM TIFFIN VIVA-3 STAR,0.01,1
DHOOM TIFFIN WITH BOTTLE,0.01,1
DHOOM ULTRA MATIC 1KG,0.01,85
DHOOM ULTRA MATIC 1KG PACK BAG,899.9664,1020
DHOOM ULTRA MATIC 3KG,160.56,350
DHOOM ULTRA MATIC 4KG,314.99,400
DHOOM ULTRA MATIC 5KG,327,550
DHOOM ULTRA MATIC 5KG,346.62825,550
DHOOM WHIP 500GM,0.01,60
DOLPHIN DISHWASH BAR 500GM,32.2251,55
DOVE CONDITIONER 180ML,3509.609,245
DOVE CONDITIONER 180ML,146.234,245
DOVE CONDITIONER 80ML,100.59,99
DOVE CONDITIONER 80ML,95.999,120
DOVE SHM 180ML[DAILY SHINE],6231.06,224
DOVE SHM 180ML[DAILY SHINE],185.61,195
DOVE SHM 180ML[DAILY SHINE]-GST,137.448,189
DOVE SHM 340ML[DAILY SHINE],4908.06,447
DOVE SHM 340ML[DAILY SHINE],285,490
DOVE SHM 340ML[DAILY SHINE]-GST,260.997,435
DOVE SHM 5ML,1329.484,32
DOVE SHM 5ML,21.33,32
DOVE SHM 5ML-GST,21.33,32
DOVE SHM 80ML,66.11,85
DOVE SHM 80ML,66.11,85
DOVE SHM 80ML-GST,43.632,60
DOVE SHM+CONDI MRP-5,48.445,80
DOVE SHM+CONDI MRP-5,48.44,80
DOVE SHM+CONDI MRP-5,0,80
DOVE SHM+CONDI MRP-5,80,80
DOVE SOAP 100GM,3081,63
DOVE SOAP 100GM,51.35,63
DOVE SOAP 100GM-GST,51.189,60
DOVE SOAP 125GX3,192,249
DOVE SOAP 60GM,1547.28,25
DOVE SOAP 60GM,21.49,25
DOVE SOAP 60GM-GST,20.936,25
DOVE SOAP 75GX3,117.126,150
DOVE SOAP 75GX3,123.474,149
EMAMI PURE GLOW 15G,17.5,25
EMAMI PURE GLOW 25GM,45.52,65
EMAMI PURE GLOW 8GM,7.58,10
EMASOL DISHWASH BAR 60GM,3.697,5
EMASOL DISHWASH BAR 60GM,3.697,5
ENVY TALCUM 100GM-BLUSH,71.775,198
ENVY WOMEN DEO 120ML-BLUSH,130.016,220
ENVY WOMEN DEO 120ML-KISS,130.016,220
ENVY WOMEN DEO 120ML-LUV,130.016,220
ENVY WOMEN DEO 120ML-POUL,130.016,220
EVERYUTH F/W 50GM,78.051,110
EXO DISHWASH BAR 60GM,0,5
EXO DISHWASH BAR 60GM,0,5
FAIR& LOVELY BB CRM 18 GM,84.99,115
FAIR& LOVELY BB CRM 9 GM,50.311,59
FAIR&HANDSOME 15GM,10976.716,40
FAIR&HANDSOME 15GM,32.94798,40
FAIR&HANDSOME 30GM,8840.4,90
FAIR&HANDSOME 30GM,78.25598,95
FAIR&HANDSOME 60GM,137.269,175
FAIR&HANDSOME 60GM,120,180
FAIR&HANDSOME FW 50GM,3932.873,110
FAIR&HANDSOME FW 50GM,92.842,125
FAIR&LOVELY 110GM,190,325
FAIR&LOVELY 15GM,17.699,22
FAIR&LOVELY 15GM,17.699,22
FAIR&LOVELY 25GM,8384.717,70
FAIR&LOVELY 25GM,60.21814,72
FAIR&LOVELY 25GM[WINTER],59.437,73
FAIR&LOVELY 25GM[WINTER],59.437,73
FAIR&LOVELY 50GM,7658.136,130
FAIR&LOVELY 50GM,116.2512,139
FAIR&LOVELY 50GM[WINTER],110.733,140
FAIR&LOVELY 50GM[WINTER],110.733,140
FAIR&LOVELY 80GM,162.818,199
FAIR&LOVELY 80GM,172.629,211
FAIR&LOVELY 80GM,6123.6,192
FAIR&LOVELY 80GM,170.1,192
FAIR&LOVELY 9GM,202.174,240
FAIR&LOVELY 9GM,202.173,240
FAIR&LOVELY FW 50GM,2654.4,79
FAIR&LOVELY FW 50GM,67.635,89
FEM GOLD 40GM,36.004,80
FEM GOLD 40GM,36.004,80
FEM GOLD 8GM,26.552,45
FEM GOLD 8GM,26.552,45
FIFTY-FIFTY CHEEZE DIPPED MRP-50,42.4159,50
FIFTY-FIFTY MASKA CHASKA 38+2.5G,8.6532,10
FIFTY-FIFTY MRP-05-GST,4.25,5
FIFTY-FIFTY MRP-10,912.168,10
FIFTY-FIFTY MRP-10,8.45,10
FIFTY-FIFTY MRP-10,760.5,10
FIFTY-FIFTY MRP-10,8.446,10
FIFTY-FIFTY MRP-10 GST (MARGIN 11.8),8.498,10
FIFTY-FIFTY MRP-10 GST (MARGIN 11.8),8.498,10
FIFTY-FIFTY MRP-10[GOLMAAL-BUTTER] GST MARGIN-9.8,8.4984,10
FIFTY-FIFTY MRP-10[GOLMAAL],506.767,10
FIFTY-FIFTY MRP-10[GOLMAAL],8.45,10
FIFTY-FIFTY MRP-10[GOLMAAL] GST (MARGIN 11.8),8.49837,10
FIFTY-FIFTY MRP-10[GOLMAAL].,8.446,10
FIFTY-FIFTY MRP-10[JEERA],608.112,10
FIFTY-FIFTY MRP-10[JEERA],8.45,10
FIFTY-FIFTY MRP-10[TIMEPASS],608.112,10
FIFTY-FIFTY MRP-10[TIMEPASS],8.45,10
FIFTY-FIFTY MRP-10[TIMEPASS] GST (MARGIN 11.8),8.4984,10
FIFTY-FIFTY MRP-160[POTAZOZ],76.015,160
FIFTY-FIFTY MRP-25[POTAZOZ],0,0
FIFTY-FIFTY MRP-30[MASKA CHASAKA],25.8,30
FIFTY-FIFTY MRP-5,609.12,5
FIFTY-FIFTY MRP-5,4.229,5
FIFTY-FIFTY MRP-5-GST,4.2549,5
FIFTY-FIFTY MRP-5[GOLMAAL BUTTER] GST MARGIN-11.8,4.24918,5
FIFTY-FIFTY MRP-5[GOLMAAL],4.23,5
FIFTY-FIFTY MRP-5[GOLMAAL],4.23,5
FIFTY-FIFTY MRP-5[JEERA],607.68,5
FIFTY-FIFTY MRP-5[JEERA],4.22,5
FOAM GIL REG 200G-GST,187.66,249
FOAM GIL REG 418G-GST,223.767,290
FOAM GIL REG 50G-GST,73.599,95
FOODIE TIFFIN BOX-MILTON,0,0
FOODIE TIFFIN BOX-MILTON,0,1
FREINDS ADULT CLASS PAINT L 1,21,49
FREINDS ADULT CLASS PAINT L10,185,585
FREINDS ADULT CLASS PAINT M 1,21,49
FREINDS ADULT CLASS PAINT M 10,175,535
FREINDS ADULT CLASS PAINT XL 1,21,49
Fusion 2s,497.615,625
Fusion 2s,497.615,625
FUSION RAZOR,363.797,425
GARNIER BRIGHT CREAM 23GM,3662.4,89
GARNIER BRIGHT CREAM 23GM,82.217,119
GARNIER BRIGHT CREAM 45GM,2828.815,189
GARNIER BRIGHT CREAM 45GM,117.868,189
GARNIER CLR[BROWN],73.651,99
GARNIER CLR[BROWN],75.045,99
GARNIER CLR[BURGUNDY],2592,99
GARNIER CLR[BURGUNDY],75.045,99
GARNIER CLR[NATURAL BLK],2592,99
GARNIER CLR[NATURAL BLK],75.045,99
GARNIER CLR[NO-1]-COLGATE MAX FR,92,109
GARNIER CLR[NO-3.16]-COLGATE MAX FR,92,109
GARNIER CLR[NO-3]-COLGATE MAX FR,92,109
GARNIER FW 50GM[ACNO-FIGHT],81.464,110
GARNIER FW 50GM[ACNO-FIGHT],83.761,125
GARNIER POUCH[1],6805.414,45
GARNIER POUCH[1],33,45
GARNIER POUCH[2],32.499,45
GARNIER POUCH[2],33,45
GARNIER POUCH[3.16],32.527,45
GARNIER POUCH[3.16],33,45
GARNIER POUCH[3],32,45
GARNIER POUCH[3],33,45
GARNIER POUCH[4],32.722,45
GARNIER POUCH[4],32.722,45
GHANDI 100GM[VASLINE],36.235,95
GHANDI 100GM[VASLINE],35.91,95
GHANDI 200GM[VASLINE],68.28,185
GHANDI 200GM[VASLINE],67.095,185
GHANDI 500GM[VASLINE],149.242,385
GHANDI 500GM[VASLINE],147.42,385
GHANDI 50GM[VASLINE],19.051,55
GHANDI 50GM[VASLINE],18.9,55
GHANDI[LIP GUARD],3038.98,25
GHANDI[LIP GUARD],8.505,37
GILLETE SAVING BRUSH-SINGLE,56.416,85
GILLETE SAVING BRUSH[7+1],398.834,560
GILLETE SAVING BRUSH[7+1],398.834,560
GILLETE TSG-SEN 25GM,38.83012,49
GILLETE TSG-SEN 60GM,78.43433,99
GODREJ RICH CRM[4],33.03,37
GODREJ RICH CRM[4],40,40
GODREJ SOAP 150GM X 5,123,299
GOOD NIGHT GOLD COMBI,44.4,95
GOOD NIGHT GOLD COMBI+REFILLES,81.79,175
GOOD NIGHT GOLD REFILES 1 PACK,39.72,85
GOOD NIGHT GOLD REFILES 2 PACK,70.11,150
GOOD NIGHT GOLD REFILES 4 PACK,151.9,325
GOODAY MRP-09[BUTTER] GST (MARGIN 9.8),7.79,9
GOODAY MRP-10[BUTTER],722.4,10
GOODAY MRP-10[BUTTER],8.6,10
GOODAY MRP-10[BUTTER]-GST,8.65317,10
GOODAY MRP-10[BUTTER]-PACK CASE,726.88,840
GOODAY MRP-10[CASHEW],724.668,10
GOODAY MRP-10[CASHEW],8.627,10
GOODAY MRP-10[CASHEW] GST (MARGIN 9.45),8.68,10
GOODAY MRP-110[BUTTER]-GST,77.176,110
GOODAY MRP-140[BUTTER],93.74,140
GOODAY MRP-150[CASHEW],83.336,130
GOODAY MRP-20[BUTTER JEERA],1013.4,20
GOODAY MRP-20[BUTTER JEERA],16.89,20
GOODAY MRP-20[BUTTER JEERA] GST MARGIN-11.8,16.9968,20
GOODAY MRP-20[FRUIT& NUT],16.89,20
GOODAY MRP-20[FRUIT& NUT] GST MARGIN-11.8,16.996,20
GOODAY MRP-20[FRUIT& NUT].,16.89,20
GOODAY MRP-200[BUTTER JEERA] GST MARGIN-11.8 B1G1,76.48,200
GOODAY MRP-200[FRUIT& NUT],84.61,200
GOODAY MRP-40[BUTTER],681.6,40
GOODAY MRP-40[BUTTER],30.87,36
GOODAY MRP-40[BUTTER]-GST (MARGIN-9.8),34.3,40
GOODAY MRP-40[CASHEW] GST (MARGIN-9.8),34.723,40
GOODAY MRP-45[CASHEW],776.4,45
GOODAY MRP-45[CASHEW],38.82,45
GOODAY MRP-45[CASHEW] GST-(MARGIN-9.45),34.72,40
GOODAY MRP-5[BUTTER],761.04,5
GOODAY MRP-5[BUTTER],4.228,5
GOODAY MRP-5[BUTTER] GST (MARGIN 11.65),4.255,5
GOODAY MRP-5[BUTTER] PACK CASE,765.88,900
GOODAY MRP-5[CASHEW],773.28,5
GOODAY MRP-5[CASHEW],4.296,5
GOODAY MRP-5[CASHEW] GST (MARGIN 9.90),4.3226,5
GOODAY MRP-55[PISTA],2229.6,55
GOODAY MRP-55[PISTA],42.49,50
GOODAY CHOCHOCHIPS MRP-10,8.653,10
GOODAY CHOCHOCHIPS MRP-30,25.96,30
GOODAY MRP-140[PISTA] GST (MARGIN 9.9),109.629,140
GOODAY MRP-31(NUTS COOKIE),26.35,31
GOODAY MRP-49[PISTA] GST (MARGIN 9.9),42.4918,50
GUARD CRT[1],23592,14
GUARD CRT[1],2359.92,14
GUARD CRT[1],9.833,14
GUARD CRT[1],7.98,14
GUARD CRT[2],117.9373,168
GUARD CRT[4],35.205,48
GUARD CRT[4],35.205,52
GUARD CRT[8],29504.64,84
GUARD CRT[8],70.87,98
GUARD CRT[8]-GST,69.001,98
GUARD RAZOR,9396,125
GUARD RAZOR,95,140
GUARD RAZOR 3 IN 1,86,125
GUARD RAZOR 3 IN 1 CRT 2S,76.69,99
GUARD RAZOR OFFER,2085.84,125
GUARD RAZOR OFFER,87.344,125
GUARD SAVING CREAM 125GM,48.66,70
GUARD SAVING CREAM 125GM,48.66,70
GULCON-D 125GM[REG],3888,40
GULCON-D 125GM[REG],27,40
GULCON-D 125GM[TANGY ORANGE],5443.2,56
GULCON-D 125GM[TANGY ORANGE],37.8,56
GULCON-D 1KG[NIMU],280.125,415
GULCON-D 1KG[NIMU],280.125,415
GULCON-D 1KG[REG],2754,255
GULCON-D 1KG[REG],172.125,255
GULCON-D 1KG[REG]-OFFER,189,280
GULCON-D 1KG[REG]-OFFER,189,280
GULCON-D 1KG[TANGY ORANGE]OFFER,4482,415
GULCON-D 1KG[TANGY ORANGE]OFFER,280.125,415
GULCON-D 200GM[TANGY ORANGE],5046.3,89
GULCON-D 200GM[TANGY ORANGE],60.075,89
GULCON-D 250GM[REG],4159.35,79
GULCON-D 250GM[REG],53.325,79
GULCON-D 450GM[NIMU],5321.7,219
GULCON-D 450GM[NIMU],147.825,219
GULCON-D 450GM[TANGY ORANGE],5321.7,219
GULCON-D 450GM[TANGY ORANGE],147.825,219
GULCON-D 500GM[REG],3402,140
GULCON-D 500GM[REG],94.5,140
H&s SHM 200ML[AHF],9296,215
H&s SHM 200ML[AHF],156.07,218
H&s SHM 200ML[CM],160.454,215
H&s SHM 200ML[CM],156.07,218
H&s SHM 200ML[SILKY BLACK],161.375,215
H&s SHM 200ML[SILKY BLACK],156.07,218
H&s SHM 200ML[SILKY SMOOTH],9072,215
H&s SHM 200ML[SILKY SMOOTH],156.07,218
H&s SHM 400ML[AHF],334.705,410
H&s SHM 400ML[AHF],219.82,450
H&s SHM 400ML[SILKY BLACK],334.307,420
H&s SHM 400ML[SILKY BLACK],219.82,450
H&s SHM 6.5ML[BASIC CLEAN]-7 IN 1,44,48
H&s SHM 650ML[SILKY SMOOTH],4958,989
H&s SHM 650ML[SILKY SMOOTH],413.167,989
H&s SHM 6ML[DAILY CLEAN],1200,32
H&s SHM 6ML[DAILY CLEAN],22,32
H&s SHM 6ML[DAILY COOL],21.591,32
H&s SHM 6ML[DAILY COOL],21.057,32
H&s SHM 6ML[DEEP CLEAN],20.5,32
H&s SHM 6ML[NEEM],20,32
H&s SHM 6ML[SMOOTH],20,32
H&s SHM 7 IN ONE 72 ML,50,79
H&s SHM 90ML[AHF],3577.92,82
H&s SHM 90ML[AHF],61.82,89
H&s SHM 90ML[AHF]-GST,48,79
H&s SHM 90ML[ANTI DANDRUFF],64.83,84
H&s SHM 90ML[ANTI DANDRUFF],50,79
H&s SHM 90ML[CM],71.941,82
H&s SHM 90ML[CM],50,79
H&s SHM 90ML[DC],50,79
H&s SHM 90ML[LEMON FREASH],71.941,82
H&s SHM 90ML[LEMON FREASH],50,79
H&s SHM 90ML[SILKY BLACK],3111.84,82
H&s SHM 90ML[SILKY BLACK],61.82,89
H&s SHM 90ML[SILKY BLACK]-GST,50,79
H&s SHM 90ML[SILKY SMOOTH],3577.92,82
H&s SHM 90ML[SILKY SMOOTH],50,79
H&s SHM 90ML[SILKY SMOOTH]-GST,48,79
H&S SHM CM 400ML,205.17,420
H&S SHM CM 400ML OFFER,0,420
H&S SHM CM 400ML OFFER,4122,420
H&S SHM CM 400ML OFFER,0,420
H&S SHM CM 400ML OFFER,229,420
H&s Shm Pre Pack 5ml,80,128
H&S SHM SS 400ML,219.82,450
H&S SHM SS 400ML OFFER,4122,420
H&S SHM SS 400ML OFFER,229,420
HAIR&CARE 100ML,7760.16,65
HAIR&CARE 100ML,1232.4,65
HAIR&CARE 100ML,66,66
HAIR&CARE 100ML,51.35,65
HAIR&CARE 100ML-GST,49.2,60
HAIR&CARE 200ML,7316.64,125
HAIR&CARE 200ML,92.083,120
HAIR&CARE 200ML,125,125
HAIR&CARE 200ML,92.083,120
HAIR&CARE 200ML-GST,99.6,120
HAIR&CARE 300ML,114,190
HAIR&CARE 300ML,114,190
HAIR&CARE 300ML-GST,137.31,199
HAIR&CARE 500ML,182.275,300
HAIR&CARE 500ML,182.275,300
HAIR&CARE 500ML-GST,220.8,320
Hanger,0.116,1
HAPCO 1000ML,68,160
HAPCO 1000ML,68,160
HAPCO 500ML,960,99
HAPCO 500ML,40,99
HARPIC 250ML[BLUE],2284.983,58
HARPIC 250ML[BLUE],47.604,57
HARPIC 250ML[RED],2155.442,115
HARPIC 250ML[RED],89.81,115
HARPIC 500ML,91,110
HARPIC 600ML,2759.688,139
HARPIC 600ML,114.987,130
HATHLEVA MAHENDI CONE,33,120
HIMALAYA BABY CRM 100ML,5421.495,200
HIMALAYA BABY CRM 100ML,112.948,200
HIMALAYA BABY CRM 50ML,3092.834,105
HIMALAYA BABY CRM 50ML,63,105
HIMALAYA BABY OIL 100ML,82.847,130
HIMALAYA BABY OIL 100ML,86.8,140
HIMALAYA BABY OIL 100ML-GST,89.596,140
HIMALAYA BABY OIL 200ML,166.392,260
HIMALAYA BABY OIL 200ML OFFER,3175.238,210
HIMALAYA BABY OIL 200ML OFFER,132.302,210
HIMALAYA BABY OIL 50ML-GST,47.998,75
HIMALAYA BABY OIL 50ML[5+1],236.116,325
HIMALAYA BABY OIL 50ML[5+1],325,325
HIMALAYA BABY SHM 100ML,2485.513,115
HIMALAYA BABY SHM 100ML,69.042,115
HIMALAYA BABY SHM 200ML,3189.61,220
HIMALAYA BABY SHM 200ML,127.584,220
HIMALAYA BABY SOAP 125GM,3564.468,100
HIMALAYA BABY SOAP 125GM,59.408,100
HIMALAYA BABY SOAP 125GM-GST,56.7,105
HIMALAYA BABY SOAP 50GM,47,47
HIMALAYA BABY SOAP 75GM,38.44,62
HIMALAYA BABY SOAP 75GM*3 OFFER,124.16,195
HIMALAYA BABY SOAP 75GM*3 OFFER,119.04,186
HIMALAYA BABY TALCUM 100GM,2566.8,115
HIMALAYA BABY TALCUM 100GM,75,115
HIMALAYA BABY TALCUM 100GM-GST,72,120
HIMALAYA BABY TALCUM 200GM,3024,210
HIMALAYA BABY TALCUM 200GM,135,135
HIMALAYA BABY TALCUM 200GM-GST,112.2,204
HIMALAYA BABY TALCUM 30GM,30,30
HIMALAYA BABY TALCUM 400GM,160,302
HIMALAYA BABY TALCUM 50GM,2678.4,60
HIMALAYA BABY TALCUM 50GM,39,60
HIMALAYA BABY TALCUM 50GM-GST,36.478,57
HIMALAYA FW 100ML,5021.885,179
HIMALAYA FW 100ML,127.511,189
HIMALAYA FW 150ML,127.285,225
HIMALAYA FW 150ML,158.994,265
HIMALAYA FW 200ML,2829.78,199
HIMALAYA FW 200ML,157.21,199
HIMALAYA FW 50ML,4293.36,89
HIMALAYA FW 50ML,59.4,90
HIMALAYA GIFT MRP-250,176.4,280
HIMALAYA GIFT MRP-250,280,280
HIMALAYA GIFT MRP-269,172.152,269
HIMALAYA GIFT MRP-590,3732.031,630
HIMALAYA GIFT MRP-590,373.203,630
HIMALAYA GIFT MRP-675,431.979,675
HIMALAYA LOATION 100ML,2532.019,115
HIMALAYA LOATION 100ML,75,125
HIMALAYA LOATION 200ML,3175,200
HIMALAYA LOATION 200ML,127,200
HIRA OIL SOAP 1KG,75,110
HIT ANTI ROACH GEL,93.01,199
JOHNSONS BABY SOAP 75G,630.96,62
JOHNSONS BABY SOAP 75G,52.58,62
JOY LOATION 300ML,4176,290
JOY LOATION 300ML,116,290
KEO KARPIN OIL 200ML,81.512,100
KEO KARPIN OIL 200ML,81.512,100
KEO KARPIN OIL 200ML-GST,75.593,90
KEO KARPIN OIL 300ML,114.741,150
KEO KARPIN OIL 500ML-GST,167.985,200
KESH KANTI 5.5ML[NATURAL],11.834,16
KESH KANTI 5.5ML[NATURAL],11.83,16
KESH KANTI 5.5ML[NEEM],0.001,16
KESH KANTI 5.5ML[NEEM],11.83,16
KESH KANTI 6ML[FREE W DANTKANTI MRP-10],0.002,16
KESH KANTI 6ML[FREE W DANTKANTI MRP-10],0.002,16
KESH KANTI SHM 200ML[AD],88.13,110
KESH KANTI SHM 200ML[AD],88.13,110
KESH KANTI SHM 200ML[MILK PRO.],96.146,120
KESH KANTI SHM 200ML[MILK PRO.],93.05,106
KESH KANTI SHM 200ML[NATURAL],80.12,100
KESH KANTI SHM 200ML[NATURAL],80.12,100
KESH KANTI SHM 200ML[SHIKAKAI],96.146,120
KESH KANTI SHM 200ML[SHIKAKAI],93.05,120
KESH KING OIL 100X4+4SHM+50MLOIL,13640.64,700
KESH KING OIL 100X4+4SHM+50MLOIL,568.36,700
KESH KING OIL 100X4+4SHM+50MLOIL(GOLD),155.26319,190
KESH KING OIL 300X4+100MLOIL,13519.166,1396
KESH KING OIL 300X4+100MLOIL,1126.598,1396
KESH KING OIL 300X4+100MLOIL-GST,305.6362,374
KESH KING OIL 30ML[5+1],28.095,49
KESH KING OIL 30ML[5+1],28.095,49
KESH KING OIL 30ML[5+1]-GST,34.097,50
KESH KING OIL 50ML[6+1],5369.131,570
KESH KING OIL 50ML[6+1],457.62373,558
KESH KING OIL 50ML[6+1]-GOLD,69.6084,100
KESH KING SHM 200ML GST,124.96139,155
KESH KING SHM 200ML OFFER,6213.12,159
KESH KING SHM 200ML OFFER,124.71925,155
KESH KING SHM 340ML,5735.76,300
KESH KING SHM 340ML,269.55451,335
KESH KING SHM 340ML-GST,270.09044,335
KESH KING SHM 5.5ML,1.281,2
KESH KING SHM 5.5ML,19.73,32
KESH KING SHM 5.5ML,19.62993,32
KESH KING SHM 80ML,3298.2,69
KESH KING SHM 80ML,54.962,69
KESH KING SHM 80ML-GST,44.344,55
KOZICARE FACE WASH 100GM[PAPAYA],149.98,499
KOZICARE FACE WASH 100GM[SAFFRON],152.714,499
KOZICARE FACE WASH 100GM[SAFFRON],149.98,499
KOZICARE FACE WASH 100GM[SALICYCLIC ACID],152.714,499
KOZICARE FACE WASH 100GM[SALICYCLIC ACID],149.98,499
KOZICARE SKIN CREAM 15GM,74,185
KOZICARE SKIN CREAM 15GM,72.9946,185
KOZICARE SKIN SOAP 75GM,67,150
KOZICARE SKIN SOAP 75GM,62.07,199
LAKME CC CRM,115,115
LAKME EYECONIC KAJAL,134.994,199
LAKME EYECONIC KAJAL,134.994,199
LAYER CAKE 12GM[ VEG],1695.576,5
LAYER CAKE 12GM[ VEG],3.619,4.5
LAYER CAKE 12GM[ VEG] -ORANGE GST (MARGIN 18.72),3.8487,5
LAYER CAKE 12GM[ VEG] GST (MARGIN 18.72),4.021,5
LAYER CAKE 15GM[NON VEG],1360.64,5
LAYER CAKE 15GM[NON VEG],4.25,5
"LAYER""R SHOT BOLD ICON 120ML",93.64,199
"LAYER""R SHOT BOLD LEGEND 120ML",93.64,199
"LAYER""R SHOT BOLD VICTOR 120ML",93.64,199
"LAYER""R WOTTAGIRLI 135ML-AMBER KISS",172.8,255
"LAYER""R WOTTAGIRLI 135ML-EXOTIC ROSE",172.8,255
"LAYER""R WOTTAGIRLI 135ML-SECRET CRUSH",161.96666,239
"LAYER""R WOTTAGIRLI 135ML-VANILLA TWIST",172.8,255
"LAYER""R WOTTAGIRLI 60ML-AMBER KISS",75.225,111
"LAYER""R WOTTAGIRLI 60ML-MANDARIN TWIST",75.22,111
"LAYER""R WOTTAGIRLI 60ML-SECRET CRUSH",75.225,111
"LAYER""R WOTTAGIRLI 135ML-MYSTIC ISLAND",172.8,255
"LAYER""R WOTTAGIRLI 50ML-FRENCH PEONY",75.22,111
"LAYER""R-WOTTAGIRLI-135ML-CHAMPACA DELIGHT",161.96666,239
"LAYER""R-WOTTAGIRLI-135ML-CUPID HEART",172.8,255
"LAYER""R-WOTTAGIRLI-135ML-CURRANT CRUSH",172.8,255
"LAYER""R-WOTTAGIRLI-135ML-FRENCH PEONY",161.96666,239
"LAYER""R-WOTTAGIRLI-135ML-MANDARIN TWIST",161.96666,239
"LAYER""R-WOTTAGIRLI-135ML-PINK ANGEL",161.9666,239
"LAYER""R-WOTTAGIRLI-135ML-SANDAL BLISS",161.96666,239
LIFEBOY 100GMX5,1730.7,175
LIFEBOY 100GMX5,99.29,175
LIFEBOY 100GMX5-GST,92.558,115
LIFEBOY 125GMX4-GST,124.02,150
LIFEBOY 44G,1839.456,10
LIFEBOY 44G,8.516,10
LIFEBOY 44G-GST,8.563,10
LITTLE HEARTS MRP-10,8.608,10
LITTLE HEARTS MRP-10,8.6,10
LITTLE HEARTS MRP-10 GST,8.653,10
LIVON SERUM 100ML,216.58,279
LIVON SERUM 100ML,216.58,279
LIVON SERUM 20ML,49.4,70
LIVON SERUM 20ML,49.4,70
LIVON SERUM 45ML,100.04,140
LIVON SERUM 45ML,100.04,140
LIVON SERUM 9ML,21.11,29
LIVON SERUM 9ML,21.11,29
LUX 100GX5,137.95,165
LUX 100GX5,121.006,155
LUX 100GX5-GST,118.213,140
LUX 44GM,8.502,10
LUX 44GM,8.503,10
MACH THREE CRT[2],17570.712,325
MACH THREE CRT[2],264,349
MACH THREE CRT[4],490.862,599
MACH THREE CRT[4],490.862,599
MACH THREE CRT[8],31818.66,1140
MACH THREE CRT[8],883.852,1140
MACH THREE RAJOR,218.876,275
MACH THREE RAJOR,170,275
MALABAR 475ML,4458.4,207
MALABAR 475ML,111.46,207
MAMY POKO PANTS L REG,68.35,93
MAMY POKO PANTS M REG,68.35,93
MAMY POKO PANTS S REG,68.35,93
MARGO NEEM SOAP 100GMX4,124.99,160
MARIGOLD MRP-10,810.816,10
MARIGOLD MRP-10,608.128,10
MARIGOLD MRP-10,8.446,10
MARIGOLD MRP-10,8.446,10
MARIGOLD MRP-10-GST,8.498,10
MARIGOLD MRP-45,1368,45
MARIGOLD MRP-45,33.993,40
MARIGOLD MRP-45-GST,33.9935,40
MAYURI AMLA BHRINGRAJ HAIR OIL 210ML,113.133,249
MAYURI AMLA HAIR OIL 210ML,113.19,249
MAYURI AMLA SHIKAKAI SHAMPOO 210ML,113.133,249
MAYURI AMLA SHIKAKAI SHM 210ML,0,0
MAYURI ANTI DANDRUFF SHAMPOO 210ML,113.133,249
MAYURI BRAHMI SATREETHA HAIR WASH 500ML,109.895,249
MAYURI FACEWASH-FENUGREEK,111.036,229
MAYURI FACEWASH-FENUGREEK,111.036,229
MAYURI FACEWASH-NEEM,111.036,229
MAYURI FACEWASH-NEEM,111.036,229
MAYURI FACEWASH-PAPAYA,111.036,229
MAYURI FACEWASH-PAPAYA,111.036,229
MAYURI FACEWASH-ROSE,111.036,229
MAYURI FACEWASH-ROSE,111.04,229
MAYURI FACEWASH-UBTAN,111.036,229
MAYURI FACEWASH-UBTAN,111.04,229
MAYURI FACEWASH-VITAMIN C,111.036,229
MAYURI FACEWASH-VITAMIN C,111.04,229
MAYURI HEENA[BLK],36.368,75
MAYURI HEENA[BLK],32.36,75
MAYURI OIL 210ML-GST,113.19,249
MAYURI OIL[ABR],120.736,249
MAYURI OIL[ABR],120.74,249
MAYURI ONIAN ANTI HAIR FALL SHAMPOO 210ML,113.133,249
MAYURI ONIAN SHAMPOO 210ML,113.133,249
MAYURI ONION HAIR OIL 210ML,113.133,249
MAYURI SHARBAT[GULAB],63.63,175
MAYURI SHARBAT[GULAB],63.63,175
MAYURI SHIKAKAI HAIR OIL 210ML,113.133,249
MAYURI SHM 210ML-GST,113.19,249
MAYURI SHM[ABR],120.736,249
MAYURI SHM[AHF],120.736,249
MAYURI SHM[AHF],120.74,249
MAYURI SHM[AMLA BHRINGRAJ],113.19,249
MAYURI SHM[ANTI DANDRUFF],113.19,249
MAYURI SHM[ONIAN],120.74,249
MAYURI SHM[SHIKAKAI],113.19,249
MAYURI SOAP[ALMOND],32.726,90
MAYURI SOAP[ALMOND],32.726,90
MAYURI SOAP[ALOE],32.726,90
MAYURI SOAP[ALOE],32.726,90
MAYURI SOAP[HALDI],32.726,90
MAYURI SOAP[HALDI],32.726,90
MAYURI SOAP[JASMINE],32.726,90
MAYURI SOAP[JASMINE],32.726,90
MAYURI SOAP[LEMON],32.726,90
MAYURI SOAP[LEMON],32.726,90
MAYURI SOAP[LIME LAVENDER],32.726,90
MAYURI SOAP[LIME LAVENDER],32.726,90
MAYURI SOAP[MIX FRUIT],32.726,90
MAYURI SOAP[MIX FRUIT],32.726,90
MAYURI SOAP[NEEM TULSI],32.726,90
MAYURI SOAP[NEEM TULSI],32.726,90
MAYURI SOAP[ORANGE],32.726,90
MAYURI SOAP[ORANGE],32.726,90
MAYURI SOAP[SAFFRON],32.726,90
MAYURI SOAP[SAFFRON],32.726,90
MEDICARE OIL 50ML,31.76,36
MEDICARE OIL 50ML,31.76,36
MEDICARE SHM 50ML,48.52,55
MEDICARE SHM 50ML,48.52,55
MEDICARE SHM 5ML,3621.6,7
MEDICARE SHM 5ML,5.03,7
MENTHO PLUS 9ML,34.443,42
MENTHO PLUS 9ML,34.443,42
MILKBIKIS MRP-10,810.816,10
MILKBIKIS MRP-10,506.76,10
MILKBIKIS MRP-10,8.45,10
MILKBIKIS MRP-10,8.446,10
MILKBIKIS MRP-10 GST MARGIN-11.8,8.5,10
MILKBIKIS MRP-30,25.496,30
MILKBIKIS MRP-30,25.4952,30
MILKBIKIS MRP-35,945.92,35
MILKBIKIS MRP-35,29.561,35
MILKBIKIS MRP-35-GST,25.5,30
MILKBIKIS MRP-5,710.44,5
MILKBIKIS MRP-5,4.228,5
MILKBIKIS MRP-5 GST (MARGIN 11.65),4.254,5
MILKBIKIS MRP-50,41.38133,50
MILKBIKIS MRP-55,45.24,55
MILTON WATER JAR 12 LTR,0.01,1
MILTON WATER JAR 12 LTR,0.01,1
MONISONS BLAM 100GM,116.001,162
MONISONS BLAM 10GM,18.764,27
MONISONS BLAM 25GM,38.003,54
MONISONS BLAM 45GM,56,81
MORTEIN COMBI,46.74,100
MORTEIN REFILLS 2 PACK,72.44,155
NAVRATAN OIL 100ML,7242.24,90
NAVRATAN OIL 100ML,75.44,90
NAVRATAN OIL 100ML-GST,74.8681,89
NAVRATAN OIL 180ML,7795.8,155
NAVRATAN OIL 180ML,130.27,155
NAVRATAN OIL 180ML-GST,130.73406,155
NAVRATAN OIL 2.7ML-GST,0.82946,1
NAVRATAN OIL 270ML,8184,215
NAVRATAN OIL 270ML,205,205
NAVRATAN OIL 270ML-GST,169.93855,202
NAVRATAN OIL 450ML,275.91,330
NAVRATAN OIL 450ML,330,330
NAVRATAN OIL 450ML-GST,268.3776,319
NAVRATAN OIL 45ML,4725.6,47
NAVRATAN OIL 45ML,47,47
NAVRATAN OIL 45ML-GST,37.0176,44
NAVRATAN TALCUM 100GM[ACTIVE],87.4,110
NAVRATAN TALCUM 100GM[ACTIVE],87.245,110
NAVRATAN TALCUM 100GM[ACTIVE]-GST,85.3428,105
NAVRATAN TALCUM 100GM[MINT FRESH],87.4,110
NAVRATAN TALCUM 100GM[MINT FRESH],85.64777,105
NAVRATAN TALCUM 100GM[MINT]-GST,85.3428,105
NAVRATAN TALCUM 18GM,8.179,10
NAVRATAN TALCUM 18GM 24PCS IN JAR,8.12746,10
NAVRATAN TALCUM 200GM,5893.44,150
NAVRATAN TALCUM 200GM,119.19,150
NAVRATAN TALCUM 200GM[ACTIVE]-GST,113.79338,140
NAVRATAN TALCUM 30GM,15.25,20
NAVRATAN TALCUM 30GM,15.25,20
NAVRATAN TALCUM 400GM,234.41,295
NAVRATAN TALCUM 400GM,234.41,295
NAVRATAN TALCUM 50GM[ACTIVE],5402.4,55
NAVRATAN TALCUM 50GM[ACTIVE],40.6373,50
NAVRATAN TALCUM 50GM[MINT],5402.4,55
NAVRATAN TALCUM 50GM[MINT],40.6373,50
NEHA FAST CONE,86.12,180
NICE TIME MRP-10,645.005,10
NICE TIME MRP-10,8.599,10
NICE TIME MRP-10 GST(MARGIN-9.8),8.6531,10
NICE TIME MRP-25,860,25
NICE TIME MRP-25,21.5,25
NICE TIME MRP-25 GST(MARGIN-9.8),21.6329,25
NIHAR ALMOND 375ML,1282.5,110
NIHAR ALMOND 375ML,85.5,110
NIHAR AMLA 175ML,3811.5,56
NIHAR AMLA 175ML,42.537,55
NIHAR AMLA 175ML-GST,37.997,50
NIHAR AMLA 275ML,3547.2,76
NIHAR AMLA 275ML,59.6,76
NIHAR AMLA 275ML-GST,59.86,82
NIHAR AMLA 28ML,7.064,10
NIHAR AMLA 28ML,7.064,10
NIHAR AMLA 350ML-GST,73.26,99
NIHAR AMLA 400ML,4253.85,111
NIHAR AMLA 400ML,111,111
NIHAR AMLA 450ML,113.991,150
NIHAR AMLA 500ML,4742.64,167
NIHAR AMLA 500ML,143.28,199
NIHAR AMLA 65ML,3129.84,20
NIHAR AMLA 65ML,13.627,20
NIHAR JASMINE 175ML,3044.88,55
NIHAR JASMINE 175ML,40.27,55
NIHAR JASMINE 29ML,6.87,10
NIHAR JASMINE 34ML,8.125,10
NIHAR JASMINE 34ML,8.125,10
NIHAR JASMINE 69ML,2540.16,20
NIHAR JASMINE 69ML,17.64,20
NIHAR SARSO 175ML,45.58,62
NIHAR SARSO 175ML,45.58,62
NIHAR SARSO 68ML,12.674,20
NIHAR SARSO 68ML,12.674,20
NIHAR SARSO 78ML,0.002,20
NIHAR SARSO 78ML,0.002,20
NIPOO BATTERY HYPER,6760.118,40
NIPOO BATTERY SPECIAL,15.47,30
NIPOO BATTERY SPECIAL,15.346,30
NIPPO AAA,5535.6,10
NIPPO AAA,4.9,10
NIPPO AAA GOLD,3.177,18
NIPPO AAA GOLD,9.912,18
NIPPO BATTERY HYPER,28.62,50
NIPPO BATTERY[AA],6339.6,10
NIPPO BATTERY[AA],5.38,10
NIPPO DORCO CRT,5.818,10
NIPPO DORCO CRT,5.818,10
NIPPO DORCO RAJOR,11.635,20
NIPPO DORCO RAJOR,11.635,20
NIPPO DORCO RAJOR MRP-10,5.653,10
NIPPO DORCO RAJOR MRP-10,5.653,10
NIPPO FLEX BON[2PIN-8MTR],233.584,450
NIPPO FLEX BON[2PIN-8MTR],233.584,450
NIPPO HEAD LAMP,382.72,499
NIPPO LED [0.5W] RED,874.656,70
NIPPO LED [0.5W] RED,24.296,70
NIPPO LED[0.5W]-RED,28.026,70
NIPPO LED[0.5W]-RED,28.026,70
NIPPO LED[0.5W]-WHITE,874.656,70
NIPPO LED[0.5W]-WHITE,24.296,70
NIPPO LED[12W],1822.5,300
NIPPO LED[12W],60.746,300
NIPPO LED[14W],88.78,335
NIPPO LED[15W],102.8,325
NIPPO LED[15W],112.501,325
NIPPO LED[23W],203.74,500
NIPPO LED[23W],203.74,500
NIPPO LED[30W],269.342,700
NIPPO LED[30W],269.342,700
NIPPO LED[3W],52.472,140
NIPPO LED[3W],52.472,140
NIPPO LED[40W],361.368,850
NIPPO LED[40W],361.368,850
NIPPO LED[7W],1588.5,150
NIPPO LED[7W],4672.8,320
NIPPO LED[7W],40.474,150
NIPPO LED[7W],93.456,320
NIPPO LED[9W],1740.379,160
NIPPO LED[9W],34.808,160
NIPPO LED[9W]-RECHARGE,12385.307,599
NIPPO LED[9W]-RECHARGE,219.62,599
NIPPO LED[9W]-RECHARGE.,200.93,599
NIPPO LV COMBI,4788.565,100
NIPPO LV COMBI,79.809,100
NIPPO LV REFILL,8282.184,80
NIPPO LV REFILL,79.546,80
NIPPO MANGANESE BATTERY 9V,25.337,45
NIPPO MANGANESE BATTERY 9V,25.337,45
NIPPO MOSQUTIO BAT,421.171,599
NIPPO MOSQUTIO BAT,421.171,599
NIPPO TORCH RC[NOVA],164.29,199
NIPPO TORCH[AGNI],75.471,100
NIPPO TORCH[AGNI],85.856,100
NIPPO TORCH[BHEEM],93.401,135
NIPPO TORCH[BHEEM],93.401,135
NIPPO TORCH[FLAME],80.717,125
NIPPO TORCH[FLAME],80.717,125
NIPPO TORCH[MASHAAL],57.8,85
NIPPO TORCH[MASHAAL],67.932,85
NIPPO TORCH[NOVA],189.351,199
NIPPO TORCH[SPARK]-RECHARGE,167.178,220
NIPPO TORCH[SPARK]-RECHARGE,167.178,220
NIPPO TORCH[STAR]-RECHARGE,4278.356,159
NIPPO TORCH[STAR]-RECHARGE,118.843,159
NIPPO TORCH[TRITON]-RECHARGE,142.22,200
NIPPO TORCH[TRITON]-RECHARGE,142.22,200
NISHA CLR[1],11,20
NISHA CLR[1],11,20
NUTRI CHOICE MRP-10,8.498,10
NUTRI CHOICE MRP-20,16.89,20
NUTRI CHOICE MRP-25,1519.92,25
NUTRI CHOICE MRP-25,21.12,25
NUTRI CHOICE MRP-25 GST (MARGIN-11.8),21.25,25
NUTRI CHOICE MRP-50,43.27,50
NUTRI CHOICE MRP-55,47.5929,55
NUTRI CHOICE MRP-70,59.12,70
OLAY 20G,71.021,99
OLAY 20G,2880,99
OLAY 20G,71.021,99
OLAY 20G,63.55317,109
OLAY 40G,3168,199
OLAY 40G,99.5,199
OLD SPICE ASL 100ML-LP,191.8,249
OLD SPICE ASL 100ML-PB,132.5,265
OLD SPICE ASL 50ML,100,149
OLD SPICE ASL 50ML,100,149
OLD SPICE SAVING CREAM 70GM[LIME],55.004,71
OLD SPICE SAVING CREAM 70GM[MUSK],55.004,71
OLD SPICE SAVING CREAM 70GM[ORIG.] GST,54.382,71
Oral B Brush In Single Code,0,0
ORAL B BRUSH[11+2],2568,220
ORAL B BRUSH[11+2],2641.936,220
ORAL B BRUSH[11+2],107,220
ORAL B BRUSH[11+2],110.081,220
ORAL B BRUSH[11+2]-GST,99.82876,198
ORAL B BRUSH[12]-MRP-264,117.93639,264
ORAL B BRUSH[6+2],94.287,150
ORAL B BRUSH[7+3],5160,395
ORAL B BRUSH[7+3],213,325
ORAL B BRUSH[9+3],136.79777,225
ORAL B BRUSH[SEN],55.04,75
ORAL B BRUSH[SEN],55.04,75
ORAL B CRSCROSS+SEN,3200,260
ORAL B CRSCROSS+SEN,150,260
Oral B Single Packing In One Code,18.59286,30
ORBIT MIX FRUIT 20*20*6.6GM,148.466,200
ORBIT MIX FRUIT 20*32*3.3GM,118.775,180
ORBIT SPEARMINT 20*20*6.6GM,148.466,200
OXI DISHWASH 500GM,33.996,80
OXI DISHWASH 500GM,33.996,80
PALVADIC GULAB JAL MRP-20,9.19,20
PALVADIC GULAB JAL MRP-35,17.5,35
PALVADIC GULAB JAL[MIX] MRP-40,20,40
PALVADIC GULAB JAL[MIX] MRP-70,35,70
PALVEDIC GULABJAL 120ML,17.498,35
PALVEDIC GULABJAL 120ML,17.498,35
PAMPERS PC M[4],20,92
PAMPERS PC S[4],20,94
PAMPERS RED L[1],11.864,15
PAMPERS RED L[1],11.864,15
PAMPERS RED L[ECON],140.7,199
PAMPERS RED L[ECON],140.7,199
PAMPERS RED L[ECON]-GST,157.812,210
PAMPERS RED L[REG],71.644,99
PAMPERS RED L[REG],71.644,99
PAMPERS RED L[REG]-GST,71.125,98
PAMPERS RED L[VALUE],281.715,399
PAMPERS RED L[VALUE],249.938,350
PAMPERS RED L[VALUE]-GST,245.824,374
PAMPERS RED M[1],9.298,13
PAMPERS RED M[1],2830.452,13
PAMPERS RED M[1],9.298,13
PAMPERS RED M[1],9.828,13
PAMPERS RED M[ECON],139.529,199
PAMPERS RED M[ECON],139.529,199
PAMPERS RED M[REG],72.32,99
PAMPERS RED M[REG],2911.233,99
PAMPERS RED M[REG],71.21,105
PAMPERS RED M[REG],72.781,99
PAMPERS RED M[REG]-GST,71.266,98
PAMPERS RED M[VALUE],3192,399
PAMPERS RED M[VALUE],266,399
PAMPERS RED M[VALUE]-GST,245.821,374
PAMPERS RED S[1],7.395,10
PAMPERS RED S[1],7.395,10
PAMPERS RED S[ECON],150.97,210
PAMPERS RED S[REG],70.077,99
PAMPERS RED S[REG],2911.239,99
PAMPERS RED S[REG],70.077,99
PAMPERS RED S[REG],72.781,99
PAMPERS RED S[REG]-GST,67.632,93
PAMPERS RED S[VALUE],3180,399
PAMPERS RED S[VALUE],265,399
PAMPERS RED S[VALUE]-GST,228.62,350
PAMPERS RED XL[REG],87,125
PAMPERS RED XL[REG],90.275,117
PAMPERS RED XL[REG]-GST,84.825,117
PAMPERS RED XL[VALUE],276.943,409
PAMPERS RED XL[VALUE],276.943,409
PAMPERS RED XL[VALUE]-GST,276,420
PAMPERS RED XXL[VALUE]-GST,256,389
PAMPERS YELLO NB ECON,3750.086,399
PAMPERS YELLO NB ECON,294.62,399
PAMPERS YELLO NB ECON-GST,314.682,374
PAMPERS YELLO NB REG,2924,99
PAMPERS YELLO NB REG,77.91,99
PAMPERS YELLO NB REG,73.1,99
PAMPERS YELLO NB REG,77.91,99
PAMPERS YELLO NB REG-GST,77.303,92
PANTENE 340+90ML[SHM+CON],206,359
PANTENE 340+90ML[SHM+CON],206,359
Pantene Condi Hfc 180ml,226.01109,269
Pantene Condi Hfc 90ml,88.23112,105
PANTENE SHM 180ML[DR],148.65,214
PANTENE SHM 180ML[HS],7743.12,189
PANTENE SHM 180ML[HS],165.807,189
PANTENE SHM 180ML[LT],7743.12,189
PANTENE SHM 180ML[LT],148.656,214
PANTENE SHM 200ML[HFC],7743.12,189
PANTENE SHM 200ML[HFC],171.81,189
PANTENE SHM 200ML[SS],7743.12,189
PANTENE SHM 200ML[SS],148.65,214
PANTENE SHM 340ML[DR],200.28,410
PANTENE SHM 340ML[HFC],200.28,410
PANTENE SHM 340ML[LT],200.28,410
PANTENE SHM 340ML[SS],200.28,410
PANTENE SHM 90ML[DR],79,79
PANTENE SHM 90ML[HFC],67.177,75
PANTENE SHM 90ML[HFC],50,75
PANTENE SHM 90ML[LC],65.793,72
PANTENE SHM 90ML[LC],65.793,72
PANTENE SHM 90ML[SS],59.74,86
PANTENE SHM 90ML[SS],57.509,75
PARACHUT 100ML[COCONUT],37.16,43
PARACHUT 100ML[COCONUT],7134.72,43
PARACHUT 100ML[JASMINE],5374.08,45
PARACHUT 100ML[JASMINE],37.32,45
PARACHUT 150ML[ALOVEERA],64.752,77
PARACHUT 150ML[ALOVEERA],64.752,77
PARACHUT 175ML[COCONUT],64.82,75
PARACHUT 175ML[COCONUT],64.82,75
PARACHUT 190ML[JASMINE],5616,92
PARACHUT 190ML[JASMINE],80.75,95
PARACHUT 250ML[ALOVEERA],5454.72,137
PARACHUT 250ML[ALOVEERA],113.64,137
PARACHUT 250ML[ALOVEERA],115.216,137
PARACHUT 250ML[ALOVEERA],115.216,137
PARACHUT 250ML[COCONUT],92.23,107
PARACHUT 250ML[COCONUT],9223,107
PARACHUT 300ML[JASMINE],103.68,144
PARACHUT 300ML[JASMINE],5937.6,137
PARACHUT 500ML[COCONUT GOLD],210,561
PARACHUT 500ML[COCONUT],0,0
PARACHUT 500ML[COCONUT],189.69,230
PARACHUT 500ML[COCONUT],6854.148,214
PARACHUT 500ML[JASMINE],168.087,220
PARACHUT 500ML[JASMINE],168.087,223
PARACHUT 600ML[COCONUT],210,429
PARACHUT 90ML[JASMINE],39.95,47
PARACHUT 90ML[JASMINE],35.97,40
PATANJALI ALOE GEL 150ML,77,100
PATANJALI ALOE GEL 150ML,77,100
PATANJALI ALOE GEL 60ML,38.496,50
PATANJALI ALOE GEL 60ML,38.496,50
PATANJALI BATH SOAP -ALOVEERA 600GM,103.56,132
PATANJALI BATH SOAP -HALDI 600GM,103.56,147
PATANJALI DISWASHBAR 145GM,8.426,10
PATANJALI DISWASHBAR 145GM,8.426,10
PATANJALI DISWASHBAR 500GM,50.133,60
PATANJALI DISWASHBAR 500GM,50.133,60
PATANJALI FW 100ML[SAUNDARYA],78.16,95
PATANJALI FW 100ML[SAUNDARYA],78.163,105
PEARS SOAP 100GM,40.967,50
PEARS SOAP 50GM,16.574,20
PEARS SOAP 50GM,18.403,22
PEARS SOAP 625 GM,264,440
PEARS SOAP 75GMX4,136.94,167
PEARS SOAP 75GMX4,3834.32,167
PERFUMERUSH 100ML- [CLASSIC MEN ],190.81,449
PERFUMERUSH 100ML- [DELIGHTFUL LOVE ],190.81,449
PERFUMERUSH 100ML- [ETERNAL ],190.81,449
PERFUMERUSH 100ML- [HUSTLE ],190.81,449
PERFUMERUSH 100ML- [JUICY BOMB ],190.81,449
PERFUMERUSH 100ML- [LEGEND OUD ],190.81,449
PERFUMERUSH 100ML- [LUVAERO ],190.81,449
PERFUMERUSH 100ML- [MOONDUST ],190.81,449
PERFUMERUSH 100ML- [NOIRMONT ],190.81,449
PERFUMERUSH 100ML- [SMOKYWIND ],190.81,449
PERFUMERUSH 20ML- [CLASSIC MEN ],63.3188,149
PERFUMERUSH 20ML- [DELIGHT LOVE ],63.3188,149
PERFUMERUSH 20ML- [ETERNAL ],63.3188,149
PERFUMERUSH 20ML- [HUSTLE ],63.3188,149
PERFUMERUSH 20ML- [LEGEND OUD ],63.3188,149
PERFUMERUSH 20ML- [LOVAERO ],63.3188,149
PERFUMERUSH 20ML- [MOONDUST ],63.3188,149
PERFUMERUSH 20ML- [NOIRMONT ],63.3188,149
PONDS BB CRM 18GM,124.998,189
PONDS BB CRM 18GM,157.59,189
PONDS BB CRM 9GM,77.996,99
PONDS BB CRM 9GM,82.58,99
PONDS BODYLOATION 100ML,87.828,120
PONDS BODYLOATION 300ML,160,415
PONDS BODYLOATION 300ML,169.453,379
PONDS COLD CREAM 30ML,47.181,59
PONDS COLD CREAM 30ML,47.181,59
PONDS CREAM 15GM[WHITE BEAUTY],1692,59
PONDS CREAM 15GM[WHITE BEAUTY],54.008,69
PONDS CRM 23GM[WHITE BEAUTY],87.01,125
PONDS CRM 35GM[WHITE BEAUTY],118.003,199
PONDS CRM 35GM[WHITE BEAUTY],4896,174
PONDS CRM 7GM[WHITE BEAUTY],7.394,10
PONDS CRM 7GM[WHITE BEAUTY],7.394,10
PONDS FW 100GM[PURE WHITE],144.87,220
PONDS FW 100GM[PURE WHITE],144.87,220
PONDS FW 100GM[WHITE BEAUTY]],130.223,209
PONDS FW 100GM[WHITE BEAUTY]],3125.364,209
PONDS FW 50GM[PURE WHITE],94.899,130
PONDS FW 50GM[PURE WHITE],3916.8,120
PONDS FW 50GM[WHITE BEAUTY]],79.569,109
PONDS FW 50GM[WHITE BEAUTY]],3198.72,98
PONDS SUPERLIGHT GEL 60ML,89.503,120
PONDS SUPERLIGHT GEL 60ML,89.503,120
PONDS TALCUM 100GM[DREAM FLOWER],10226.7,125
PONDS TALCUM 100GM[DREAM FLOWER],81.594,102
PONDS TALCUM 300GM[DREAM FLOWER],184,334
PONDS TALCUM 50GM[DREAM FLOWER],10636.2,65
PONDS TALCUM 50GM[DREAM FLOWER],46.735,53
PONDS TALCUM 50GM[DREAM FLOWER]-GST,44.86522,53
PONDS TALCUM MRP-10[DREAM FLOWER],176,220
PREM DULHAN 10GM BLACK,51.55,120
PREM DULHAN 15GM,81.91,150
PREM DULHAN 200GM,39.62,80
PREM DULHAN 30GM,75.24,300
PREM DULHAN 500GM,95.24,180
PREM DULHAN CONE PINK,40.6773,120
PREM DULHAN FAST CONE 25GM,44.64,180
PRESTO[3+1],59.951,75
PRESTO[3+1],59.951,75
PURE HEENA 25GM,4.155,10
PURE HEENA 25GM,4.155,10
PURE MAGIC MRP-30,25.33,30
PURE MAGIC MRP-30 GST MARGIN-11.8,8.16387,10
PURE MAGIC MRP-30 GST MARGIN-11.8,25.495,30
PUSHP HEENA,58.5,100
PUSHP HEENA,4060,100
REVIVE 200GM,64.47,73
REVIVE 200GM,64.47,73
REVIVE 400GM,121.88,138
REVIVE 400GM,121.884,138
REVIVE 50GM,17.376,20
REVIVE 50GM,17.376,20
REVIVE LIQ 200GM,71.35,81
REVIVE LIQ 200GM,71.35,81
REVIVE LIQ 400GM,136.73,155
REVIVE LIQ 400GM,136.73,155
REVIVE LIQ 95GM,33.52,38
REVIVE LIQ 95GM,33.52,38
RIN ADVANCE 160GM,8.494,10
RIN ADVANCE 160GM,720.796,10
RIN ALA 500ML,77.934,89
RIN ALA 500ML,77.934,89
RIO SANITARY PADS XL-6,25,40
ROUND OFF,0.48292,3.4
RUSK MRP-10,7.97,10
RUSK MRP-10,287.02,10
RUSK MRP-10 GST MARGIN-19.8,7.9706,10
RUSK MRP-10[BUTTER],7.97,10
RUSK MRP-10[BUTTER],510.08,10
RUSK MRP-20 GST,15.8618,20
RUSK MRP-20[BUTTER]-GST,15.862,20
RUSK MRP-20[BUTTER]-GST,15.94,20
RUSK MRP-35[BUTTER],28.92,35
RUSK MRP-50,1321.6,50
RUSK MRP-50,7.97,10
RUSK MRP-50 GST MARGIN-15,41.31,50
SARGAM DETERGENT POWDER 1KG,1634.425,2132
SARGAM DETERGENT POWDER 1KG.-LOSSE,61.0384,0
SARGAM DETERGENT POWDER 3KG,1823.6,2430
SARGAM DETERGENT POWDER 5KG,1812.1414,2430
SARGAM WASHING SOAP 13.3KG,532.67093,700
SARGAM WASHING SOAP 14.4KG,599.82152,840
SET WET 100GM[HAIR GEL],83.8,100
SET WET 100GM[HAIR GEL],83.8,100
SET WET 50GM[HAIR GEL],41.9,50
SET WET 50GM[HAIR GEL],41.9,50
SETHANI 100GM,24,35
SETHANI 100GM,15.498,35
SETHANI 200GM,45,65
SETHANI 200GM,28,65
SETHANI 30GM,100,200
SETHANI 30GM,100.001,200
SETHANI 500GM,99.75,180
SETHANI CONE,43,120
SETHANI CONE,38.188,120
SETHANI HEENA[BLACK],52.769,150
SETHANI HEENA[BLACK],1399.84,150
SETHANI HEENA[RED],42.947,100
SETHANI HEENA[RED],1073.666,100
SEVEN OIL 100ML OFFER,2954.4,75
SEVEN OIL 100ML OFFER,61.55,75
SEVEN OIL 100ML PLAIN,60.09,75
SEVEN OIL 100ML PLAIN,2891.04,75
SEVEN OIL 100ML PLAIN-GST,57.35226,70
SEVEN OIL 200ML OFFER,119,139
SEVEN OIL 200ML OFFER,2856,145
SEVEN OIL 200ML PLAIN,118.05,145
SEVEN OIL 200ML PLAIN,2795.28,139
SEVEN OIL 200ML PLAIN GST,98.32718,120
SEVEN OIL 300ML OFFER,180.622,215
SEVEN OIL 300ML OFFER,180.622,215
SEVEN OIL 300ML PLAIN,173.563,215
SEVEN OIL 300ML PLAIN,4144.56,215
SEVEN OIL 300ML PLAIN-GST,148.012,180
SEVEN OIL 500ML PLAIN,2166.6,375
SEVEN OIL 500ML PLAIN,164.14,250
SEVEN OIL 500ML PLAIN GST,164.31621,250
SEVEN OIL 50ML PLAIN,31.75,39
SEVEN OIL 50ML PLAIN,2114.64,39
SEVEN OIL 50ML PLAIN-GST,26.83173,35
SEVEN OIL 650ML,210.041,475
SIRMOUR PINK 1KG,90,125
SIRMOUR SOAP GOLD 1KG,116,160
SNICKERS STICK 12*24*40GM,890.927,1080
SNICKERS STICK 12*32*20GM,475.156,576
SNICKERS STICK 12*40*11.5GM,296.968,360
SPINZ BB CRM 4GM,85.9,120
SPINZ BB CRM 4GM,85.9,120
SPINZ DEO 50ML,19.044,65
SPINZ DEO 50ML,19.044,65
SPINZ TALC 10GM[FACE TALCUM],140.27,350
SPINZ TALC 10GM[FACE TALCUM],140.27,350
SPINZ TALC 12GM,70.136,175
SPINZ TALC 12GM,70.136,175
SPINZ TALC 25GM,72.14,180
SPINZ TALC 25GM,72.14,180
SS 10S,26.122,40
Stand,22.834,100
STAYFREE MRP-84,66,84
STAYFREE MRP-84,66,84
STAYFREE REG 18N,78.321,105
STAYFREE REG 18N,2343.7,105
STAYFREE REG 6+2S,28.076,37
STAYFREE REG 6+2S,27.389,35
STAYFREE XL 18S,89.99,124
STAYFREE XL 18S,2700,124
STAYFREE XL 6S,33,42
STAYFREE XL 6S,7066.266,373
STREAX CLR[1],11.127,20
STREAX CLR[1],11.13,20
STREAX CLR[1],11.127,20
STREAX CLR[1],0,20
STREAX CLR[1] MRP-15,10.08,15
STREAX CLR[1] MRP-22,15,22
STREAX SERUM 45ML MRP-140,98,140
STREAX SERUM 90ML MRP-260,181.99,260
SUNSLIK SHM 6ML[BLACK],11.719,16
SUNSLIK SHM 6ML[BLACK],703.13,16
SUNSLIK SHM 6ML[BLACK]-GST,11.612,16
SUNSLIK SHM 6ML[PINK],11.71,16
SUNSLIK SHM 6ML[PINK],11.71,16
SUNSLIK SHM 80ML[BLACK],52.917,68
SUNSLIK SHM 80ML[BLACK],52.917,68
SUNSLIK SHM 80ML[THIK& LONG],52.917,68
SUNSLIK SHM 80ML[THIK& LONG],52.917,68
SURFEXCEL BAR 150GM,17.473,20
SURFEXCEL BAR 150GM,16.992,20
SURFEXCEL BAR 250GM,32.418,38
SURFEXCEL BAR 250GM,32.418,38
SURFEXCEL BAR 800GM,100,128
SURFEXCEL BAR 800GM,108.457,125
SURFEXCEL BAR 80GM,8.785,10
SURFEXCEL BAR 80GM,1219.4,10
SURFEXCEL EASY WASH 5KG,462,770
SURFEXCEL EASY WASH 5KG,462,770
SURFEXCEL EASYWASH 1KG,117.096,140
SURFEXCEL EASYWASH 1KG,115.882,136
SURFEXCEL EASYWASH 500GM,58.552,70
SURFEXCEL EASYWASH 500GM,57.996,68
SURFEXCEL EASYWASH 85GM,98.997,120
SURFEXCEL EASYWASH 85GM,102,120
SWISS ROLL CHOCHO VANILLA MRP-9,7.69,10
SWISS ROLL TRIPLE CHOCHO MRP-9,8.541,10
TCW LD CHEESE 28.7+2.8G,8.498,10
TCW LD CHEESE MRP-05,4.255,5
TCW LD CHOCHO MRP-05,4.255,5
TCW LD CHOCHO MRP-10,8.498,10
TEA 250GM[CLASSIC],87.414,110
TEA 250GM[CLASSIC],87.41,110
TEA MAHAMANI 200GM,0,0
TEA MAHAMANI RED 200GM,51,200
TEA MAHAMANI RED 500GM,127.5,500
TEA(MAHAMANI) 1KG,240,360
TEA(MAHAMANI) 250GM,60,90
TEA(MAHAMANI) 5KG,1175,1800
TEDDY BABY WIPES 72 N,45,199
TEDDY EASY L[1],7,12
TEDDY EASY L[1],5.25,10
TEDDY EASY M[1],5.25,10
TEDDY EASY S[1],5.25,10
TEDDY MED PANTS L REG,58.5,99
TEDDY MED PANTS M REG,58.5,93
TEDDY MED PANTS S REG,58.5,99
TEDDY MED PANTS XL REG,58.5,99
TEDDY VALUE PANTS L 24,235.00001,379
TEDDY VALUE PANTS M 30,235.00001,379
TEDDY VALUE PANTS S 38,235.00001,379
TGS GEL 60GM[MST],79.43,99
TGS GEL 60GM[MST],79.43,99
TIDE BAR 1KG[BLUE],102.785,115
TIDE BAR 1KG[BLUE],101.924,125
TIDE BAR MINI[BLUE],5.404,6
TIDE BAR MINI[BLUE],5.404,6
TIDE BAR MULTI[BLUE],26.711,30
TIDE BAR MULTI[BLUE],24.47,30
TIDE BAR SINGLE[BLUE],8.7,10
TIDE BAR SINGLE[WHITE],617.76,10
TIDE BAR SINGLE[WHITE],8.645,10
TIDE DETERGENT 1.1KG[PLUS],110.869,136
TIDE DETERGENT 1.1KG[PLUS],2660.86,136
TIDE DETERGENT 1.5KG[PLUS],154.111,190
TIDE DETERGENT 1.5KG[PLUS],2465.769,190
TIDE DETERGENT 1KG[FRESH CLN],70.54,81
TIDE DETERGENT 1KG[FRESH CLN],80.02801,95
TIDE DETERGENT 1KG[FRESH CLN],1591.92,79
TIDE DETERGENT 1KG[FRESH CLN],1528.32,79
TIDE DETERGENT 1KG[PLUS],2541.984,130
TIDE DETERGENT 1KG[PLUS],107.3958,132
TIDE DETERGENT 3KG[PLUS]+BKT,324.194,399
TIDE DETERGENT 5+1KG[PLUS],473,785
TIDE DETERGENT 5+1KG[PLUS],1891.64,785
TIDE DETERGENT 5+1KG+BUCKET[PLUS],596.07,775
TIDE DETERGENT 5+1KG+BUCKET[PLUS],2384.28,775
TIDE DETERGENT 500GM[PLUS],2592,65
TIDE DETERGENT 500GM[PLUS],54,65
TIDE DETERGENT 7KG[PLUS],558.70781,720
TIDE DETERGENT 9KG[PLUS],883.12,1089
TIDE DETERGENT 9KG[PLUS],883.121,999
TIDE DETERGENT RS-10[PLUS],7.5,120
TIDE DETERGENT RS-10[PLUS],108.4,120
TIGER COCONUT MRP-10,1013.52,10
TIGER COCONUT MRP-10,8.44,10
TIGER COCONUT MRP-10,8.446,10
TIGER COCONUT MRP-10,760.161,10
TIGER COCONUT MRP-10 GST MARGIN-11.8,8.498,10
TIGER GLUCOSE MRP-10,518.4,10
TIGER GLUCOSE MRP-10,8.64,10
TIGER GLUCOSE MRP-10 GST(MARGIN 9.8),7.83,9
TIGER GLUCOSE MRP-10 GST(MARGIN 9.8),8.6965,10
TIGER GLUCOSE MRP-4,3.456,4
TIGER GLUCOSE MRP-4,497.664,4
TIGER GLUCOSE MRP-5,4.32,5
TIGER GLUCOSE MRP-5,622.11,5
TIGER GLUCOSE MRP-5 GST (MARGIN 9.9),4.344,5
TIGER KREEMZ MRP-5[CHOCHO-MILK],4.228,5
TIGER KREEMZ MRP-5[CHOCHO-MILK],607.68,5
TIGER KREEMZ MRP-5[CHOCHO-MILK] GST (MARGIN 11.65),4.2548,5
TIGER KREEMZ MRP-5[CHOCHO],4.23,5
TIGER KREEMZ MRP-5[CHOCHO],608.832,5
TIGER KREEMZ MRP-5[CHOCHO] GST (MARGIN 11.65),4.2549,5
TIGER KREEMZ MRP-5[ELAICHI],4.23,5
TIGER KREEMZ MRP-5[ELAICHI]-GST,4.2549,5
TIGER KREEMZ MRP-5[ORANGE],4.23,5
TIGER KREEMZ MRP-5[ORANGE],608.832,5
TIGER KREEMZ MRP-5[ORANGE] GST (MARGIN 11.65),4.2549,5
TIGER KRUNCH CHOCHO MRP-10 GST MARGIN-11.8,8.49835,10
TIGER KRUNCH MRP-10,8.446,10
TIGER KRUNCH MRP-10,912.168,10
TIGER KRUNCH MRP-10 GST MARGIN-11.8,8.498,10
TIGER KRUNCH MRP-5,4.23,5
TIGER KRUNCH MRP-5,761.18,5
TIGER KRUNCH MRP-5 GST (MARGIN 11.65),4.254,5
TIGER KRUNCH MRP-5 GST (MARGIN 11.65),4.2548,5
TRAET CRM[CHOCHO] MRP-10,688,10
TREAT BURST MRP-10[CHOCHO],8.619,10
TREAT BURST MRP-10[CHOCHO],8.619,10
TREAT BURST MRP-5[CHOCHO],4.29,5
TREAT BURST MRP-5[CHOCHO],775.524,5
TREAT BURST MRP-5[CHOCHO]-GST,3.89,4.5
TREAT CRM MRP-10[JIMJAM],8.65316,10
TREAT CRM MRP-10[JIMJAM],1032,10
TREAT CRM MRP-10[ORANGE],8.65325,10
TREAT CRM MRP-10[ORANGE],688,10
TREAT CRM MRP-10[ORANGE]-GST,8.653,10
TREAT CRM MRP-10[VANILLA],8.6,10
TREAT CRM MRP-10[VANILLA],688.02,10
TREAT CRM MRP-10[VANILLA]-GST,8.65,10
TREAT CRM MRP-100[ORANGE]-GST,56.245,100
TREAT CRM MRP-36[JIMJAM],31.15,36
TREAT CRM MRP-40[JIMJAM],1032,40
TREAT CRM MRP-40[JIMJAM],34.4,40
TREAT CRM MRP-5[JIMJAM],4.296,5
TREAT CRM MRP-5[JIMJAM],1804.32,5
TREAT CRM MRP-5[JIMJAM]-GST,3.89,4.5
TREAT CRM[CHOCHO] MRP-10,8.6532,10
TREAT CRM[CHOCHO] MRP-10 GST (MARGIN 9.8),8.65,10
TREAT CRM[JIMJAM] MRP-10 GST (MARGIN 9.8),8.6531,10
TREAT CRM[JIMJAM] MRP-10 PACK CASE,1038.38,1200
TREAT CROISSANT MIXED FRUIT,17.1497,20
TREAT WAFER MRP-5[CHEESE],4.229,5
TREAT WAFER MRP-5[CHEESE],4.229,5
TREAT WAFERS LD CHCHO MRP-09,7.648,9
TREAT WAFERS LD CHEESE 10.2,4.2549,5
TREAT WAFERS LD CHOCO 10.2G,4.2549,5
TREAT WAFFERS[CHOCHO],8.446,10
TREAT WLD CHOCO 28.7+1.8G,8.498,10
TRIPATI 100GM[VASLINE],29.121,100
TRIPATI 100GM[VASLINE],29.121,100
TRIPATI 15GM[VASLINE]-JAR PACK,165,360
TRIPATI 15GM[VASLINE]-JAR PACK,165,360
TRIPATI 200GM[VASLINE],56.417,210
TRIPATI 200GM[VASLINE],56.417,210
TRIPATI 50GM[VASLINE],18.201,52
TRIPATI 50GM[VASLINE],18.201,52
UG ANIMAL PERFUME 40 ML (MRP 499),181.644,499
UG GENTALMAN PERFUME 40 ML (MRP 499),181.644,499
UG PIRATE PERFUME 40 ML (MRP 499),181.644,499
UG TOKSIC PERFUME 40 ML (MRP 499),181.64,499
UG TRIMFINITY SMART BLADE TRIMMER (MRP 2499),1401.84,2499
UG TRIMMER INITY 1.0 TRIMMER (MRP 1999),938.1,1999
UJALA 75ML,24.674,32
UJALA 75ML,24.674,32
UJALA LIQ 250ML,57.423,80
UJALA LIQ 250ML,57.423,80
URBAN GABRU[BEARD OIL],156.13,350
URBAN GABRU[BEARD OIL],156.13,350
URBAN-GABRU [BODY TRIMMER],934.533,1999
URBAN-GABRU [BODY TRIMMER],948.618,3000
URBAN-GABRU [BODY TRIMMER],948.618,3000
URBAN-GABRU 100ML[ALPHA-PERFUME],206.4,999
URBAN-GABRU 100ML[ALPHA-PERFUME],206.398,999
URBAN-GABRU 100ML[BEAST-PERFUME],206.4,999
URBAN-GABRU 100ML[BEAST-PERFUME],103.208,999
URBAN-GABRU 100ML[DEO PACK 1+1],75,225
URBAN-GABRU 100ML[DEO PACK 1+1],150,450
URBAN-GABRU 10GM [HAIR POWER WAX],217.629,399
URBAN-GABRU 130ML [HAIR REMOVAL],0.01,399
URBAN-GABRU 130ML [HAIR REMOVAL],272.03,399
URBAN-GABRU 200ML [HAIR REMOVAL],0.01,499
URBAN-GABRU 200ML [HAIR REMOVAL],340.21,499
URBAN-GABRU 250ML [HAIR SPRAY-FROZT],119.99,240
URBAN-GABRU 250ML [HAIR SPRAY-FROZT],155.855,240
URBAN-GABRU 250ML [HAIR SPRAY],141.68,199
URBAN-GABRU 250ML [HAIR SPRAY],141.676,199
URBAN-GABRU 250ML [HAIR WAX-AQUA],259.08,399
URBAN-GABRU 250ML [HAIR WAX-AQUA],259.084,399
URBAN-GABRU 25GM [HAIR WAX-M&s],149,149
URBAN-GABRU 25GM [HAIR WAX-M&s],37.5,90
URBAN-GABRU 25GM [HAIR WAX-S&H],90,90
URBAN-GABRU 25GM [HAIR WAX-S&H],37.5,90
URBAN-GABRU 25GM[MOOCH WAX],61.348,90
URBAN-GABRU 25GM[MOOCH WAX],61.34,90
URBAN-GABRU 5GM [HAIR POWER WAX],163.08,299
URBAN-GABRU 5GM [HAIR POWER WAX],203.859,299
URBAN-GABRU 60ML[GROWTH OIL],226.62,399
URBAN-GABRU 60ML[GROWTH OIL],226.623,399
URBAN-GABRU 60ML[GROWTH OIL]-GST,255.117,399
URBAN-GABRU 70ML [HAIR SPRAY],120,120
URBAN-GABRU 70ML [HAIR SPRAY],81.809,120
URBAN-GABRU AIRDOPES BOAT,0.01,1
URBAN-GABRU AIRDOPES BOAT,0.01,1
URBAN-GABRU SHM 100ML[JADIBUTI],96.76,149
URBAN-GABRU SHM 100ML[JADIBUTI],96.755,149
URBAN-GABRU TRIMFINITY RIZZLER BEARD TRIMMER,785.88,1400
URBAN-GABRU WATER BOTTEL-JUNE,0.01,1
URBAN-GABRU WATER BOTTEL-JUNE,0.01,1
URBAN-YOG 130ML[HAIR REMOVAL-A&T],272.037,399
URBAN-YOG 130ML[HAIR REMOVAL-A&T],272.037,399
URBAN-YOG 130ML[HAIR REMOVAL-ALOE&LEMON],272.043,399
URBAN-YOG 200ML[HAIR REMOVAL-A&T],340.227,499
URBAN-YOG 200ML[HAIR REMOVAL-A&T],340.222,499
URBAN-YOG 200ML[HAIR REMOVAL-A&T],340.21,499
URBAN-YOG 200ML[HAIR REMOVAL-A&T],340.223,499
URBAN-YOG 200ML[HAIR REMOVAL-ALOEVEERA],340.2175,499
URBAN-YOG 200ML[HAIR REMOVAL-ROSE],340.21,499
URBAN-YOG 200ML[HAIR REMOVAL-ROSE],340.2277,499
URBAN-YOG 60GM[PEEL OF MASK],67.5,99
URBAN-YOG 60GM[PEEL OF MASK],67.4958,99
URBAN-YOG 7 IN 1 WOMEN TRIMMER,1214.892,1999
URBAN-YOG FACIAL HAIR REMOVER FOR WOMEN,770.54,1499
URBAN-YOG FREE FRIZZ HAIR STRAIGHTENER BRUSH,0.01,3499
URBAN-YOG HOT AIR BRUSH 3-IN-1,1868.41,6999
URBAN-YOG LIPOSOLUBLE FACIAL WAX STRIP,190.362,349
URBAN-YOG MAKEMEE BOLD 3-IN-1 HOT AIR BRUSH,1868.412,6999
URBAN-YOG MAKEMEE BOLD AUTOMATIC HAIR CURLER,2018.686,2999
URBAN-YOG MAKEMEE BOLD HOT AIR BRUSH 1.0,1494.588,2499
URBAN-YOG PIMPLE PATCH,142.866,220
URBAN-YOG PIMPLE PATCH,142.87,220
URBAN-YOG(SS KOJIC RICE WATER BRGHT SOAP),62.076,189
V-12 HANGING CARD,174.31,240
V-12 HANGING CARD,174.31,240
V-12 POWER MAX SALOON PACK,34.554,80
V-12 POWER MAX SALOON PACK,35.5,80
V-12 RAZOR,2265.732,180
V-12 RAZOR,85.95,180
V-12 SALOON PACK,8922.8,120
V-12 SALOON PACK,43.5,125
V-12 SAVING CRM 125GM,25.004,60
V-12 SAVING CRM 125GM,25.004,60
V12 Hanging Card Platinum 100N,8929.681,240
V12 Hanging Card Platinum 100N,89.297,60
VAKOLA COLOUR BLACK NO-1,57.74,199
VAKOLA COLOUR BLACK NO-1 MRP_799,211.64,799
VASLINE BODYLOATION 100ML[ALOVEERA],81.628,115
VASLINE BODYLOATION 100ML[ALOVEERA],81.628,115
VASLINE BODYLOATION 100ML[HEALTHY WHITE],6616.212,115
VASLINE BODYLOATION 100ML[HEALTHY WHITE],68.919,115
VASLINE BODYLOATION 100ML[YELLO],71.564,90
VASLINE BODYLOATION 100ML[YELLO],68.72,90
VASLINE BODYLOATION 20ML,7.452,10
VASLINE BODYLOATION 20ML,7.452,10
VASLINE BODYLOATION 400ML,184.716,435
VASLINE BODYLOATION 400ML,190,515
VASLINE BODYLOATION 400ML[HEALTHY WHITE],212.75,460
VASLINE BODYLOATION 400ML[HEALTHY WHITE],212.75,460
VASLINE BODYLOATION 45ML,42,42
VASMOL HAIR CLR 100GM,49.4,65
VASMOL HAIR CLR 100GM,49.4,65
VASMOL HAIR CLR 50GM,26.6,35
VASMOL HAIR CLR 50GM,26.6,35
VASMOL JAS PREMIUM HAIR OIL 200ML,46.9,67
VASMOL JAS PREMIUM HAIR OIL 300ML,76.3,109
VASMOL JAS PREMIUM HAIR OIL 500ML,122.5,175
VASMOL JAS PREMIUM HAIR OIL 90ML,21,30
VASMOL OIL 100ML[JASMINE],25.191,35
VASMOL OIL 100ML[JASMINE],25.191,35
VASMOL OIL 200ML[JASMINE],44.4,60
VASMOL OIL 200ML[JASMINE],44.4,60
VEC3 CRT 4S,238,275
VEC3 CRT 4S,237.251,275
VECTOR+ CRT-2,77.83,99
VECTOR+ CRT-4,147.66,188
VECTOR+ CRT-6,209.711,267
VECTOR+ RAZOR,82.5,105
VEET 15GM,44.437,54
VEET 15GM,44.437,54
VEET 30GM,12636,109
VEET 30GM,87.75,109
VEG BROWNIE 40GM,15.9147,20
VEG CAKE MRP-10[CHOCHO]-GST,8.54,10
VEG CAKE MRP-10[CHOCOLATE],917.28,15
VEG CAKE MRP-10[CHOCOLATE],12.74,15
VEG CAKE MRP-10[CHOCOLATE]-GST,8.54,10
VEG CAKE MRP-10[FRUIT],917.28,15
VEG CAKE MRP-10[FRUIT],8.494,10
VEG CAKE MRP-10[FRUIT]-GST,8.54,10
VEG CAKE MRP-15[CHOCOLATE],20.86603,22.5
VEG CAKE MRP-15[CHOCOLATE] GST MARGIN-8.94,11.53,13.5
VEG CAKE MRP-15[FRUIT],12.74,15
VEG CAKE MRP-15[FRUIT] GST MARGIN-8.94,11.53,13.5
VEG CAKE MRP-25[CHOCOLATE],1273.8,25
VEG CAKE MRP-25[CHOCOLATE],11.06987,13.5
VEG CAKE MRP-25[CHOCOLATE] GST (MARGIN 11.8),21.352,25
VEG CAKE MRP-25[FRUIT],1273.8,25
VEG CAKE MRP-25[FRUIT],21.23,25
VEG CAKE MRP-25[FRUIT] GST MARGIN-11.8,21.3523,25
VENUS NATURAL CREAM 100GX3+100GM FR,93.273,114
VENUS RAJOR[COMFORT],265.856,375
VENUS RAJOR[COMFORT],256,375
VENUS RAJOR[SIMPLY],11136,89
VENUS RAJOR[SIMPLY],13193.681,89
VENUS RAJOR[SIMPLY],13001.094,80
VENUS RAJOR[SIMPLY],60,99
VENUS RAJOR[SIMPLY],68.717,89
VENUS RAJOR[SIMPLY],67.714,80
VI JHON 50GM,0,0
VI-JHON SAVING CREAM 50GM,26.998,40
VICKS BABYRUB 10ML RTM,38.428,51
VICKS BABYRUB 25ML,84.18,125
VICKS BABYRUB 25ML-GST,83.742,125
VICKS GOLI [105+5],4640,210
VICKS GOLI [105+5],140.366,210
VICKS GOLI [105+5]-GST,139.593,195.7
VICKS GOLI [115+25],160,230
Vicks Goli Streamer 10s,15.88025,20
VICKS INHELOR,44.261,69
VICKS INHELOR-GST,43.805,64
VICKS VAPORUB 105ML,225,340
VICKS VAPORUB 10GM,33.6,48
VICKS VAPORUB 10GM,33.6,48
VICKS VAPORUB 10GM[RTM],410.85,540
VICKS VAPORUB 10GM[RTM],29.774,48
VICKS VAPORUB 25ML,73.4,109
VICKS VAPORUB 25ML-GST,71.581,102
VICKS VAPORUB 50ML,131.67,199
VICKS VAPORUB 50ML-GST,127.99,186
VICKS VAPORUB 5GM,17.5,25
VICKS VAPORUB 5GM,17.5,25
VICKS VAPORUB 5GM[RTM],15454.167,300
VICKS VAPORUB 5GM[RTM],246.7,375
VICKS VAPORUB 5GM[RTM]-GST,15.479,23
VIM DISHWASH BAR 3+1,25.488,30
VIM DISHWASH BAR 3+1,25.488,30
VIM DISHWASH BAR 300GM,1234.495,30
VIM DISHWASH BAR 300GM,25.555,30
VIM DISHWASH BAR 500GM,1218.95,60
VIM DISHWASH BAR 500GM,50.79,60
VIM LIQ 500GM,116.803,135
VIRAN HAIR OIL 500ML,67.136,180
VIRAN HAIR OIL 500ML,67.136,180
WHISPER CHOICE ULTRA 10s,4400,70
WHISPER CHOICE ULTRA 10s,53,70
WHISPER CHOICE ULTRA 20S,3755.4,160
WHISPER CHOICE ULTRA 20S,125.0619,160
WHISPER CHOICE ULTRA 6S,2816,48
WHISPER CHOICE ULTRA 6S,2355.2,50
WHISPER CHOICE ULTRA 6S,44,48
WHISPER CHOICE ULTRA 6S,36.77414,50
WHISPER CHOICE ULTRA XXL 6S,2208,50
WHISPER CHOICE ULTRA XXL 6S,45.66,55
WHISPER CHOICE XL 18S,91.8,120
WHISPER CHOICE XL 18S,89.008,120
WHISPER CHOICE XL 18S,93.26453,125
WHISPER CHOICE XL 18S,91.8,120
WHISPER CHOICE XL 6S,1897.8,42
WHISPER CHOICE XL 6S,34,45
WHISPER PANTY 2S,76,149
WHISPER PANTY 2S,65,99
WHISPER PANTY 6S,225,325
WHISPER ULTRA ON XXL+ 6S,110.5,140
WHISPER ULTRA ON XXL+ 6S,110.5,140
WHISPER ULTRA ON XXXL+ 4S,110.5,140
WHISPER ULTRA ON XXXL+ 4S,72.5,150
WHISPER ULTRA XL 6S,2610,60
WHISPER ULTRA XL 6S,44,65
WHISPER ULTRA XL+ 15S,154.751,190
WHISPER ULTRA XL+ 15S,155.448,200
WHISPER ULTRA XL+ 30S,5184.765,375
WHISPER ULTRA XL+ 30S,301.949,399
WHISPER ULTRA XL+ 7S,2610,90
WHISPER ULTRA XL+ 7S,63.5,95
WHISPER ULTRA XL+ 7S[NIGHT],88,99
WHISPER ULTRA XL+ 7S[NIGHT],87.4,99
WHITE TONE CRM 15GM,13632,48
WHITE TONE CRM 15GM,48,48
WHITE TONE CRM 15GM-GST,35.3,48
WHITE TONE CRM 25GM,12600,75
WHITE TONE CRM 25GM,51.5,75
WHITE TONE CRM 50GM,94.665,140
WHITE TONE CRM 50GM,102.99,150
WHITE TONE TALCUM 30GM,51.217,65
WHITE TONE TALCUM 30GM,51.217,65
WHITE TONE TALCUM 30GM-GST,50,65
WHITE TONE TALCUM 50GM,66.407,85
WHITE TONE TALCUM 50GM,64,85
WHITE TONE TALCUM 50GM-GST,57,85
WHITE TONE TALCUM 70GM,85.998,115
WHITE TONE TALCUM 70GM,115,115
WHITE TONE TALCUM 70GM,86,115
WHITE TONE TALCUM 70GM,86,115
WHITE TONE TALCUM 70GM-GST,83.5,115
WILDSTONE 400GM[TALCUM],5940,330
WILDSTONE 400GM[TALCUM],123.75,330
WILDSTONE TALCUM 300GM,142.998,220
WILDSTONE TALCUM 300GM,142.998,220
WILKINSON HANGING CARD[5S],9.716,15
WILKINSON HANGING CARD[5S],9.716,15
WILKINSON SALOON PACK,13760,150
WILKINSON SALOON PACK,95,150
WINKIN 180ML[COLD-COFFEE],987.9,40
WINKIN 180ML[COLD-COFFEE],32.93,40
WINKIN 180ML[COLD-COFFEE]-GST,30.569,37
WINKIN LASSI 135ML[CARAMEL TOFFEE],17.4,20
WINKIN LASSI 180ML[CLASSIC],523.2,20
WINKIN LASSI 180ML[CLASSIC],17.449,20
WINKIN LASSI 180ML[CLASSIC]-GST,17.45,20
WINKIN LASSI 180ML[MANGO],654.3,25
WINKIN LASSI 180ML[MANGO],21.81,25
WINKIN SHAKE 180ML[BOURBON],33.521,40
WINKIN SHAKE 180ML[BOURBON],33.52,40
WINKIN SHAKE 180ML[BOURBON]-GST,29.428,35
WINKIN SHAKE 180ML[CHOCHO],1005.6,40
WINKIN SHAKE 180ML[CHOCHO],33.52,40
WINKIN SHAKE 180ML[CHOCHO]-GST,33.6324,40
WINKIN SHAKE 180ML[CHOCHO]-GST,0,0
WINKIN SHAKE 180ML[STRAWBERRY],1005.6,40
WINKIN SHAKE 180ML[STRAWBERRY],33.52,40
WINKIN SHAKE 180ML[STRAWBERRY]-GST,33.6323,40
WINKIN SHAKE 180ML[VANILLA],33.521,40
WINKIN SHAKE 180ML[VANILLA],696.088,20
WINKIN SHAKE 180ML[VANILLA],33.521,35
WINKIN SHAKE 180ML[VANILLA],17.4,20
WINKIN SHAKE 180ML[VANILLA]-GST,33.6323,40
WOTTAGIRL ROLLON 25ML-EVEN GLOW,84.7,125
WOTTAGIRL ROLLON VANILA TWIST FREE SKU,0.01,249
WOTTAGIRL ROLLON 25ML-MYSTIC ISLAND,84.7,125
WOTTAGIRL ROLLON 25ML-SECRET CRUSH,84.7,125
WOTTAGIRL ROLLON 25ML-VANILA TWIST,84.7,125
XL SCRUBBER,64.984,360
XL SCRUBBER,64.98,120
XPERT SCRUBBER,10.996,15
XPERT SCRUBBER,10.996,15
YD BHUJIYA SEV MRP-140,65.438,140
YD Biscuit Mini Bites Chocolate 28 Gm 240 Pkt Rs 5,44.87,60
YD BISCUIT MINI BITES CHOCOLATE MRP-5,3.7393,5
YD Biscuit Mini Bites Kaju 28 Gm 240 Pkt Rs 5,44.87,60
YD CAKE-CHOCHO VANNILA MRP-5,3.7393,5
YD CAKE-COOKIES CHOCLATE MRP-5,3.7393,5
YD CAKE-CUP CHOCOLATE,3.7393,5
YD CAKE-CUP VANILLA,3.7393,5
YD CAKE-MANGO MRP-5,3.7393,5
YD CAKE-TIFFIN MRP-5,3.7393,5
YD CAKE-YUM MRP-5,3.7393,5
YD CHIPS KOREAN CHILLI MRP-5,4.0103,5
YD CHIPS TOMCHI MRP-5,4.0103,5
YD Choco Vanilla Cake 18 Gm 144 Pkt Rs 5,3.7,5
YD Choco Vanilla Cake 20 Gm 144 Pkt Rs 5,44.87,60
YD Cookie Cake Chocolate 14 Gm 144 Pkt Rs 5,3.699,5
YD Cookie Cake Chocolate 16 Gm 144 Pkt Rs 5,45.134,60
YD Cup Cake Chocolate 17 Gm 144 Pkt Rs 5,44.87,60
YD Cup Cake Vanilla 15 Gm 144 Pkt Rs 5,3.699,5
YD Cup Cake Vanilla 17 Gm 144 Pkt Rs 5,44.87,60
YD KATORI TOMATO MRP-5,3.7393,5
YD KHATTA MITHA MRP-5,3.814,5
YD Mango Cake 18 Gm 144 Pkt Rs. 5,3.7,5
YD Mango Cake 20 Gm 144 Pkt Rs. 5,44.36,60
YD MASALA MATAR MRP-5,3.814,5
YD MINI CUP TOMCHI MRP-5,3.7393,5
YD Mini Swiss Roll Chocolate 17 Gm 144 Pkt Rs 5,44.87,60
YD Mini Swiss Roll Chocolate Cake15 Gm 144 Pkt Rs 5,3.7,5
YD Namkeen Aloo Bhujia 20 gm 240 pkt Rs 5,4.07,5
YD Namkeen Aloo Bhujia 20 Gm 240 Pkt Rs 5-GST,45.77,60
YD Namkeen Bhavnagari Gathiya 20 gm 240 Pkt Rs 5,3.769,5
YD Namkeen Bhavnagari Gathiya 25 Gm 240 Pkt Rs 5,44.87,60
YD Namkeen Bhujia Sev 400 gm 20 pkt Rs 90,63.78,90
YD Namkeen Bhujia Sev 405 gm 20 pkt Rs 90,56.09,120
YD Namkeen Chulbule Chatpata Masala 35 Gm 144 Pkt Rs 10,6.93,10
YD Namkeen Chulbule Chatpata Masala 35 Gm 144 Pkt Rs 10-GST,78.525,120
YD Namkeen Chulbule Chatpata Masala 35 Gm 90 Pkt Rs 10,6.93,10
YD Namkeen Chulbule Flaming Hot 22.5 gm (50% Extra) 280 Pkt Rs 5,3.829,5
YD Namkeen Chulbule Flaming Hot 22.5 gm (50% Extra) 280 Pkt Rs 5,53.57,70
YD Namkeen Chulbule Mast Tomato 35 Gm 144 Pkt Rs 10,6.93,10
YD Namkeen Chulbule Mast Tomato 35 Gm 144 Pkt Rs 10-GST,78.525,120
YD Namkeen Chulbule Mast Tomato 35 Gm 90 Pkt Rs 10,7.5,10
YD Namkeen Chulbule Tangy Tomato 75 Gm 48 Pkt Rs 20,12.94,20
YD Namkeen Chulbule Tangy Tomato 20 gm 280 pkt Rs 5,3.83,5
YD Namkeen Chulbule Tangy Tomato 22 gm 280 pkt Rs 5,53.57,70
YD Namkeen Chulbule Tangy Tomato 80 gm 48 pkt Rs 20,12.94,20
YD Namkeen Chulbule Teekha Tadka 20 gm 280 pkt Rs 5,3.83,5
YD Namkeen Chulbule Teekha Tadka 22 Gm 280 Pkt Rs 5,53.57,70
YD Namkeen Chulbule Teekha Tadka 75 Gm 48 Pkt Rs 20,12.94,20
YD Namkeen Chulbule Teekha Tadka 80 gm 48 pkt Rs 20,13.088,20
YD Namkeen Fungroo Tomato Chilli 20 Gm 96 Pkt Rs. 5,3.7,5
YD Namkeen Jeera Papad 19.5 Gm 180 Pkt Rs 5,44.87,60
YD Namkeen Katori Masala 20 Gm 96 Pkt Rs 5,44.36,60
YD Namkeen Katori Masala 20 Gm 96 Pkt Rs 5,3.7,5
YD Namkeen Katori Tomato 20 Gm 96 Pkt Rs 5,44.37,60
YD Namkeen Katori Tomato 20 Gm 96 Pkt Rs 5,3.7,5
YD Namkeen Khatta Mitha 20 gm 240 pkt Rs 5,3.77,5
YD Namkeen Masala Matar 18 gm 300 pkt Rs 5,4.07,5
YD Namkeen Masala Sev Mamra 22 gm 240 pkt Rs 5,3.77,5
YD Namkeen Mini Cup Tomchi 20 Gm 96 Pkt Rs 5,3.699,5
YD Namkeen Mitha Falahari 40 gm 120 pkt Rs 10,7.163,10
YD NAMKEEN MIXTURE MRP-5,3.814,5
YD Namkeen Moong Mogar 16 gm 300 pkt Rs 5,4.07,5
YD Namkeen Navratan Mixture 18 gm 240 pkt Rs 5,3.77,5
YD Namkeen Noodles Chiji 19 Gm 180 Pkt Rs 5,3.7,5
YD Namkeen Noodles Chiji 21 Gm 180 Pkt Rs 5,44.37,60
YD Namkeen Papdi Gathiya 22 gm 240 Pkt Rs 5,4.07,5
YD Namkeen Pipes Masala 17 gm 210 pkt Rs 5,3.7,5
YD Namkeen Pipes Salted Crunchy 20 Gm 96 Pkt Rs 5,44.37,60
YD Namkeen Pipes Salted Crunchy 20 Gm 96 Pkt Rs 5,3.58,5
YD Namkeen Puff Garlic And Harb 20gm 210pkt Rs-5,55.09,70
YD Namkeen Puff Pudina 20 gm 210 pkt Rs 5,3.89,5
YD Namkeen Puff Pudina 22 gm 210 pkt Rs 5,55.09,70
YD Namkeen Puff Pudina 72 gm 60 pkt Rs 20 (Paytm),12.936,20
YD Namkeen Puff Tomato 20 gm 210 pkt Rs 5,4.2,5
YD Namkeen Puff Tomato 22 Gm 210 Pkt Rs 5,55.09,70
YD Namkeen Puff Tomato 72 gm 60 pkt Rs 20 (Paytm),12.94,20
YD Namkeen Puffcorn Cheese 16 Gm 180 Pkt Rs 5,3.849,5
YD Namkeen Puffcorn Cheese 17.5 Gm 180 pkt Rs 5,46.14,60
YD Namkeen Ratlami Sev 22 gm 240 pkt Rs 5,45.26,60
YD Namkeen Ring Masala 11 Gm 280 Pkt Rs 5 - With Train Toys,4.2,5
YD Namkeen Ring Masala 12 Gm 280 Pkt Rs 5 - With Pop CandyToy,55.09,70
YD Namkeen Ring Tomato 11 Gm 280 Pkt Rs 5 - With Train Toys,4.2,5
YD Namkeen Ring Tomato 12 Gm 280 Pkt Rs 5 - With Pop Candy Toys,55.09,70
YD Namkeen Stix Cream N Onion 72 gm 60 pkt Rs. 20,12.94,20
YD Namkeen Stix Cream N Onion 17 gm 210 pkt Rs. 5,3.89,5
YD Namkeen Stix Cream N Onion 18.5 Gm 210 Pkt Rs 5,55.09,70
YD Namkeen Stix Tomato 17 gm 210 pkt Rs. 5,3.889,5
YD Namkeen Tasty 18 gm 240 pkt Rs 5,3.77,5
YD Namkeen Tikha Falahari 20 gm 240 pkt Rs 5,3.77,5
YD Namkeen Tikha Mitha Mix (Chavanu) 22 gm 240 Pkt Rs 5,3.77,5
YD Namkeen Wheel Pellet Chilli 20 Gm 96 Pkt Rs 5,3.697,5
YD NOODLES MASAL MRP-5 SCHOOL GADGET,3.7393,5
YD POPCORN MRP-5,3.8701,5
YD Popcorn Simply Salted 13 gm 280 pkt Rs 5,3.829,5
YD Popcorn Simply Salted 14 Gm 280 Pkt Rs 5,53.57,70
YD Popcorn Simply Salted 28 gm 90 pkt Rs 10,6.93,10
YD Popcorn Simply Salted 28 Gm 90 Pkt Rs 10-GST,70.108,100
YD Popcorn Simply Salted 30 gm 90 pkt Rs 10,7.01,10
YD POPCRON SIMPLY SALTED MRP-10,7.0108,10
YD Potato Chips Chatpata Masala 22 Gm 120 Pkt Rs 10,6.93,10
YD Potato Chips Chatpata Masala 22 Gm 120 Pkt Rs 10-GST,78.525,120
YD Potato Chips Chatpata Masala 22 Gm 144 Pkt Rs 10,5.775,10
YD Potato Chips Chilli Twist 13 Gm 280 Pkt Rs 5,3.969,5
YD Potato Chips Classic Salted 14 gm 210 pkt Rs 5,3.969,5
YD Potato Chips Classic Salted 55 Gm 48 pkt Rs 20,16,20
YD Potato Chips Classic Salted 60 gm 48 pkt Rs 20,13.86,20
YD Potato Chips Cream N Onion 14 gm 280 pkt Rs 5,3.97,5
YD Potato Chips Cream N Onion 15 gm 280 pkt Rs 5,55.51,70
YD Potato Chips Cream N Onion 55 gm 48 pkt Rs 20,13.855,20
YD Potato Chips Cream N Onion 60 Gm 48 Pkt Rs 20,13.86,20
YD Potato Chips Indori Masala 14 gm 280 pkt Rs 5,55.51,70
YD Potato Chips Mast Tomato 22 Gm 120 pkt Rs 10,6.93,10
YD Potato Chips Mast Tomato 22 Gm 144 pkt Rs 10,7.5,10
YD Potato Chips Mast Tomato 22 Gm 144 pkt Rs 10-GST,78.525,120
YD Potato Chips Naga Chilli 14 gm 280 pkt Rs 5,55.51,70
YD Potato Chips NAGA PUNCH 13 gm 280 pkt Rs 5,3.969,5
YD Potato Chips Piri Piri 14 gm 210 pkt Rs 5 (Desi Style),52.04,70
YD Potato Chips Piri Piri 55 Gm 48 Pkt Rs 20,16,20
YD Potato Chips Piri Piri 60 gm 48 pkt Rs 20,13.86,20
YD Potato Chips Plain Salted 14 gm 280 pkt Rs 5,3.97,5
YD Potato Chips Plain Salted 15 gm 280 pkt Rs 5,60,70
YD Potato Chips Plain Salted 55 gm 48 pkt Rs 20,13.86,20
YD Potato Chips Plain Salted 60 Gm 48 Pkt Rs 20,13.86,20
YD Potato Chips Simply Salted 22 Gm 120 Pkt Rs 10,6.93,10
YD Potato Chips Simply Salted 22 Gm 144 Pkt Rs 10,7.5,10
YD Potato Chips Simply Salted 22 Gm 144 Pkt Rs 10-GST,78.525,120
YD Potato Chips Sour Cream N Onion 22 Gm 144 Pkt Rs 10 (Crispies),6.93,10
YD Potato Chips Sour Cream N Onion 22 Gm 144 Pkt Rs 10 (Crispies)-GST,78.525,120
YD Potato Chips Sour Cream N Onion 22 Gm 144 Pkt Rs 10,6.93,10
YD Potato Chips SPICY KOREAN 13 gm 280 pkt Rs 5,3.97,5
YD Potato Chips Tomchi 14 gm 280 pkt Rs 5,3.97,5
YD Potato Chips Tomchi 15 gm 280 pkt Rs 5,55.51,70
YD Potato Chips Tomchi 55 gm 48 pkt Rs 20,13.86,20
YD Potato Chips Tomchi 55 gm 48 pkt Rs 20,13.855,20
YD Potato Chips Tomchi 60 Gm 48 Pkt Rs 20,13.86,20
YD PUFF PUDINA MRP-5,3.9356,5
YD PUFF TOMATO MRP-5,3.9356,5
YD PUFFCRON CHEESE MRP-5,3.888,5
YD RATLAMI SEV MRP-5,3.8141,5
YD RING MASALA MRP-5,3.9356,5
YD RING TOMATO MRP-5,3.9356,5
YD Sandwich Cake Chocolate 15 Gm 120 Pkt Rs 5,3.5,5
YD STIX CREAM ONION MRP-5,3.9356,5
YD TASTY MRP-5,3.8141,5
YD Tiffin Cake Mixed Fruit 16 Gm 144 Pkt R5,3.7,5
YD Tiffin Cake Mixed Fruit 18 Gm 144 Pkt R5,44.87,60
YD Yum Cake Mixed Berry 18 Gm 144 Pkt Rs 5,3.7,5
YD Yum Cake Mixed Berry 20 Gm 144 Pkt Rs 5,44.87,60
YD-PIPES SALTED MRP-5,3.7393,5
YDRU Roasted Bread Rusk 70gm 36pk R10 (TR),7.39,10
ZANDU BALM 25ML,97.142,120
ZANDU BALM 25ML,97.142,120
ZANDU BALM 25ML[ULTRA],103.034,125
ZANDU BALM 25ML[ULTRA],103.034,125
ZANDU BALM 50ML,129.729,175
ZANDU BALM 8ML,37.305,45
ZANDU BALM 8ML,37.305,45
ZANDU BALM 8ML-GST,35.534,43
ZANDU BALM 8ML[ULTRA],16576.2,50
ZANDU BALM 8ML[ULTRA],41.441,50
ZANDU BALM 8ML[ULTRA]-GST,39.666,48
ZANDU CHYAWANPRASH 450GM[KESARI-SUGER FREE],341.15,490
ZANDU CHYAWANPRASH 450GM[KESARI-SUGER FREE],341.15,490
ZANDU CHYAWANPRASH 500GM[KESARI],343.026,470
ZANDU CHYAWANPRASH 500GM[KESARI],318.121,470
ZANDU CHYAWANPRASH 900GM[AVA],244.461,325
ZANDU CHYAWANPRASH 900GM[AVA],244.461,325
ZANDU CHYAWANPRASH 900GM[JAGGERY],221.455,325
ZANDU CHYAWANPRASH 900GM[JAGGERY],221.455,325
ZANDU CHYAWANPRASH 900GM[KESARI-SUGER FREE],634.42,870
ZANDU CHYAWANPRASH 900GM[KESARI-SUGER FREE],634.42,870
ZANDU CHYAWANPRASH 900GM[KESARI],606.708,825
ZANDU CHYAWANPRASH 900GM[KESARI],606.708,825
ZANDU CHYAWANPRASH 900GM[KESARI]-GST,558.407,825
ZANDU ORTHOPEDIC OIL 120ML,178.97,295
ZANDU ORTHOPEDIC OIL 120ML,178.97,295
ZANDU ORTHOPEDIC OIL 50ML,84.66,158
ZANDU ORTHOPEDIC OIL 50ML,14.11,158
ZANDU ORTHOPEDIC OIL 50ML,14.11,158
