Description,Packing,Company,Stock,Unit,₹ Sale Rate
7 O CLOCK RAZOR[SP],144,P&G,1,PCS,99.00000
7 O CLOCK RAZOR[SS],144,P&G,25,PCS,49.00000
7 O CLOCK RAZOR[SS],144,P&G,1,PCS,40.00000
7 O CLOCK RAZOR[ST],144,P&G,5,PCS,104.00000
A.K.GLYCERIN 50GM,432,A.K,132,PCS,13.65000
A.K.GLYCERIN 100GM,216,A.K,113,PCS,26.25000
A.K.GLYCERIN 200GM,108,A.K,57,PCS,48.30000
A.K.GLYCERIN 400GM,50,A.K,10,PCS,94.50000
ALL OUT COMBI,120,SCJOHNSON,86,PCS,95.45000
ALL OUT REFILL 45ML,240,SCJOHNSON,1,PCS,62.52275
AMLA 500ML+AMLA 300ML,12,BAJAJ ALMOND,22,PCS,230.00000
ARIEL LIQ 900GM FL,12,P&G,2,PCS,0
ARIEL LIQ 900GM TL,12,P&G,5,PCS,132.57300
AVDH Imli Candy 220 pc 20 jar Rs 220 (TR),20,YELLOW DIMOND,3,PCS,149.74000
AVDH Namkeen Noodles Masala 13 Gm 96 Pkt Rs 5 - With Race Toys,8,YELLOW DIMOND,2,PCS,47.00000
AVDH Namkeen Pasta Masala 17 gm 180 Pkt Rs 5,180,YELLOW DIMOND,576,PCS,3.99000
AYU HEENA 45GM,440,AYU HEENA,309,PCS,25.00000
Adhsaive Tape,1,YELLOW DIMOND,2,TON,100.00000
Ariel Complete 4kg,6,P&G,3,PCS,708.95800
Ariel PW Blue 1kg,24,P&G,45,PCS,127.99000
Ariel PW Blue 500g,48,P&G,19,PCS,65.82000
Ariel PerfctWsh Rs10(60),60,P&G,3598,PCS,8.33000
BAJAJ ALMOMD 600ML,12,BAJAJ ALMOND,27,PCS,445.00000
BAJAJ ALMOMD 600ML+95ML,12,BAJAJ ALMOND,12,PCS,445.00000
BAJAJ ALMOND 190ML -GST,30,BAJAJ ALMOND,79,PCS,185.00000
BAJAJ ALMOND 190ML OFFER.,03,BAJAJ ALMOND,6,PACK,0
BAJAJ ALMOND 2.4ML (95+5)-GST,32,BAJAJ ALMOND,29,PCS,86.36000
BAJAJ ALMOND 24ML (17+1),16,BAJAJ ALMOND,43,PCS,170.00000
BAJAJ ALMOND 285ML -GST,24,BAJAJ ALMOND,115,PCS,265.00000
BAJAJ ALMOND 285ML*12+35ML,02,BAJAJ ALMOND,2,PCS,"3,000.00000"
BAJAJ ALMOND 45ML-GST,84,BAJAJ ALMOND,393,PCS,44.00000
BAJAJ ALMOND 475ML,12,BAJAJ ALMOND,2,PCS,350.00000
BAJAJ ALMOND 475ML OFFER,12,BAJAJ ALMOND,43,PCS,400.00000
BAJAJ ALMOND 475ML-GST,12,BAJAJ ALMOND,25,PCS,400.00000
BAJAJ ALMOND 95ML-GST,40,BAJAJ ALMOND,309,PCS,89.00000
BAJAJ AMLA 160ML,60,BAJAJ ALMOND,181,PCS,40.00000
BAJAJ AMLA 300ML,36,BAJAJ ALMOND,15,PCS,89.00000
BAJAJ BTP 110GM,80,BAJAJ ALMOND,30,PCS,52.20650
BAJAJ BTP 30GM,160,BAJAJ ALMOND,23,PCS,25.00000
BAJAJ BTP 50GM,200,BAJAJ ALMOND,1,PCS,31.81000
BAJAJ COCONUT OIL 100ML,96,BAJAJ ALMOND,168,PCS,55.00000
BAJAJ COCONUT OIL 100ML[JAR],96,BAJAJ ALMOND,150,PCS,46.00000
BAJAJ COCONUT OIL 175ML,48,BAJAJ ALMOND,263,PCS,95.00000
BAJAJ COCONUT OIL 175ML OFFER[JAR],48,BAJAJ ALMOND,88,PCS,75.00000
BAJAJ COCONUT OIL 240ML,48,BAJAJ ALMOND,49,PCS,125.00000
BAJAJ COCONUT OIL 25ML,360,BAJAJ ALMOND,887,PCS,10.00000
BAJAJ COCONUT OIL 300ML,48,BAJAJ ALMOND,74,PCS,152.72000
BAJAJ COCONUT OIL 45ML,192,BAJAJ ALMOND,156,PCS,18.18000
BAJAJ COCONUT OIL 475ML,24,BAJAJ ALMOND,24,PCS,230.00000
BAJAJ COCONUT OIL 600ML,24,BAJAJ ALMOND,55,PCS,230.00000
BALAMA HEENA 10G,1,PUSHAP,1,PCS,100.00000
BAR CAKE GOBBLES CHOCHO MRP-13.5,72,BRITANNIA,144,PCS,13.51400
BAR CAKE GOBBLES FRUIT MRP-15,72,BRITANNIA,144,PCS,13.51601
BAR CAKE GOBBLES FRUIT MRP-27,40,BRITANNIA,80,PCS,27.02000
BAR CAKE GOLBBLES CHOCHO MRP-27,40,BRITANNIA,80,PCS,27.03000
BEARDEO DEO 100GM[LEG],48,MERICO,1,PCS,127.80063
BOOMER STRAWBERRIES 3.4GM-GST-,16,WRIGLEY,88,JAR,156.00000
BORO SOFT 25ML,72,EMAMI,72,PCS,49.00000
BORO+ 19ML GST,480,EMAMI,104,PCS,38.53000
BORO+ 40ML GST,240,EMAMI,38,PCS,77.06000
BORO+ 80ML GST,72,EMAMI,27,PCS,142.20000
BOROLINE 20GM-GST,500,BOROLINE,1,PCS,37.27500
BOROPLUS LOATION 300ML[1+1] GST,18,EMAMI,12,PCS,290.00000
BOURBON MRP-30,80,BRITANNIA,216,PCS,13.62860
BOURBON MRP-40-GST,48,BRITANNIA,24,PCS,36.51660
BRITANNIA GHEE 1LTR,18,BRITANNIA,4,PCS,666.75000
BROWNIE NON VEG MRP-20,90,BRITANNIA,270,PCS,17.36890
BSC 6-IN-1 SENS TRIMMER,1,BOMBAY SAVING,8,PCS,"1,599.00000"
BSC BALLS& BODY GROOMER TRIMMER,24,BOMBAY SAVING,4,PCS,"2,000.00000"
BSC BEARD TRIMMER,1,BOMBAY SAVING,59,PCS,550.00000
BSC BEARD TRIMMER BLACK,24,BOMBAY SAVING,1,PCS,"1,199.00000"
BSC BEARD TRIMMER EDGE POWER PLAY EDGE,24,BOMBAY SAVING,5,PCS,550.00000
BSC BODY WAX STRIPS,1,BOMBAY SAVING,13,PCS,119.00000
BSC CHARCOAL FACE WASH 100GM,12,BOMBAY SAVING,2,PCS,229.00000
BSC CHARCOAL FACE WASH 50GM,24,BOMBAY SAVING,8,PCS,119.00000
BSC COFFEE D TAN FACE WASH 100GM,24,BOMBAY SAVING,1,PCS,229.00000
BSC COFFEE D TAN FACE WASH 50GM,24,BOMBAY SAVING,7,PCS,149.00000
BSC DISPOSABLE RAZOR,144,BOMBAY SAVING,35,PCS,85.00000
BSC FACIAL HAIR MINI TRIMMER,,BOMBAY SAVING,3,PCS,799.00000
BSC GLAM UP FACE RAZOR 3 PCS,,BOMBAY SAVING,3,PCS,249.00000
BSC GLAMUP FACE RAZOR,12,BOMBAY SAVING,6,PCS,99.00000
BSC HR SHEA BUTTER 30 GM,24,BOMBAY SAVING,24,PCS,90.00000
BSC ROLL ON 40ML,24,BOMBAY SAVING,2,PCS,249.00000
BSC SENCI SMART 3 CRT,12,BOMBAY SAVING,16,PCS,149.00000
BSC SENCI SMART 3 RAZOR,,BOMBAY SAVING,24,PCS,149.00000
BSC SENCI STUD RAZOR,144,BOMBAY SAVING,215,PCS,12.49600
BSC SH FOAM CHARCHOL 425GM,24,BOMBAY SAVING,3,PCS,299.00000
BSC TUR ASL 100ML,24,BOMBAY SAVING,8,PCS,259.00000
CHIK SHM 6ML[BLACK],50,CLAVIN CARE,187,PCS,8.04680
CHIK SHM 6ML[WHITE],60,CLAVIN CARE,32,PCS,11.14833
CILNIC PLUS SHM 175ML,48,HUL,2,PCS,149.00000
CILNIC PLUS SHM 175ML-GST,48,HUL,21,PCS,139.09000
CILNIC PLUS SHM 355ML-GST,30,HUL,9,PCS,309.09000
CILNIC PLUS SHM 6ML[PLAIN]-GST,60,HUL,1,PCS,12.95000
CLEAN& CLEAR FW 150ML,36,JHONSON,4,PCS,285.00000
CLEAN& CLEAR FW 30ML,12,JHONSON,3,PCS,330.00000
CLEAN& CLEAR FW 50ML,72,JHONSON,18,PCS,99.00000
CLOSE-UP 150GM,96,HUL,62,PCS,90.00510
CLOSE-UP 40GM[6+1],24,HUL,3,PCS,20.00000
CLOSE-UP 40GM[6+1]-GST,24,HUL,19,PCS,109.09000
CLOSE-UP 80GM OFFER-GST,64,HUL,42,PCS,100.00000
COLGATE 100GM,1,COLGATE,1,PCS,76.00000
COLGATE 100GM-GST,144,COLGATE,64,PCS,66.36000
COLGATE 175GM[CIBACA],72,COLGATE,3,PCS,61.81000
COLGATE 200GM,72,COLGATE,1,PCS,149.00000
COLGATE 200GM-GST,72,COLGATE,45,PCS,118.18000
COLGATE 200GM[CIBACA]-GST,72,COLGATE,41,PCS,61.81810
COLGATE 50GM[VISIABLE WHITE],,COLGATE,1,PCS,90.00000
COLGATE BRUSH -KIDS-1S-GST,288,COLGATE,144,PCS,22.22000
COLGATE BRUSH [GEN SEN],60,COLGATE,10,PCS,155.00000
COLGATE BRUSH [SUPER FLEXI],10,COLGATE,6,PCS,300.00000
COLGATE BRUSH [ZIG-ZAG],60,COLGATE,37,PCS,120.00000
COLGATE BRUSH-KIDS-GST,24,COLGATE,2,PCS,133.33000
COLGATE BRUSH[FLEXI] MRP-198,24,COLGATE,7,PCS,146.66000
COLGATE MAX FRESH 38GM,1,COLGATE,96,PCS,18.18000
COLGATE MRP-10-GST,288,COLGATE,244,PCS,9.09000
COLGATE MRP-20 GST,288,COLGATE,1,PCS,18.18000
CREAM GIL LIME 93G-GST,96,P&G,5,PCS,63.46000
CREAM GIL Lime 30GM GST,144,P&G,5,PCS,35.75250
CREAM GIL REG 30GM GST,144,P&G,5,PCS,35.75250
CREAM GIL REG 93GM GST,96,P&G,4,PCS,63.46000
Corrugated Box Chips 280 Pkt,280,YELLOW DIMOND,4215,PCS,0.01000
D-MINT PEP STICK 13GM,30,WRIGLEY,1,PCS,160.71000
D-MINT PEP THINMINT 20X20X3.2G,20,WRIGLEY,2,BUNDLE,160.91000
DABAUR ANMOL 550ML,24,DABUAR,25,PCS,240.00000
DABUR ALMOND 485+95ML,24,DABUAR,4,PCS,170.00000
DABUR AMLA PUMP 550 ML,12,DABUAR,24,PCS,300.00000
DANTKANTI 100GM[FREASH ACT],144,PATANJALI,14,PCS,65.00000
DANTKANTI 200GM,72,PATANJALI,18,PCS,115.00000
DANTKANTI 300GM OFFER,36,PATANJALI,14,PCS,175.00000
DANTKANTI 45GM[FREASH ACT],288,PATANJALI,46,PCS,20.00000
DANTKANTI MRP-20,288,PATANJALI,119,PCS,20.00000
DENVER TALCUM 100GM[1+1]-GST,50,VANESA,1,PCS,80.00000
DENVER TALCUM 50GM[1+1]-GST,72,VANESA,70,PCS,44.45000
DERMICOOL 150GM,60,EMAMI,47,PCS,138.39280
DERMICOOL 18GM,25,EMAMI,100,PCS,10.00000
DETTOL ANTISEPTIC LIQ 250ML,36,RECKITT,1,PCS,159.37000
DETTOL SOAP MRP-10-GST,400,RECKITT,58,PCS,9.26000
DHOOM BUKET 16 LTR,30,DHOOM,8,BOTTLE,0
DHOOM CAMPER 05 LTR,01,DHOOM,1,PCS,1.00000
DHOOM DISHWASH TUB 500G,24,DHOOM,8,PCS,27.77000
DHOOM FLUXXPRO LIQUID DISHWASH 500ML,24,DHOOM,9,PCS,70.00000
DHOOM KETTALE 1.5 LTR,12,DHOOM,3,PCS,0.01000
DHOOM MODWARE WATER JUG,1,DHOOM,3,PCS,672.00000
DHOOM RICH CRAFT CUP SET,12,DHOOM,3,PCS,0.01000
DHOOM SUPER WHITE 1KG,30,DHOOM,41,PCS,63.00000
DHOOM SUPER WHITE 75G,,DHOOM,152,PCS,10.00000
DHOOM THERMO MEAL SET 4 TIFFIN,1,DHOOM,2,PCS,0.01000
DHOOM TIFFIN WITH BOTTLE,12,DHOOM,1,PCS,0.01000
DHOOM ULTRA MATIC 1KG,30,DHOOM,6,PCS,63.00000
DHOOM ULTRA MATIC 1KG PACK BAG,01,DHOOM,3,BAG,"1,020.00000"
DHOOM ULTRA MATIC 4KG,08,DHOOM,8,BOTTLE,333.00000
DHOOM ULTRA MATIC 5KG,5,DHOOM,2,PCS,410.00000
DHOOM WHIP 500GM,24,DHOOM,65,PCS,36.00000
DOVE CONDITIONER 180ML,24,HUL,8,PCS,146.23375
DOVE SHM 180ML[DAILY SHINE]-GST,24,HUL,4,PCS,171.81000
DOVE SHM 340ML[DAILY SHINE],18,HUL,1,PCS,272.67000
DOVE SHM 5ML-GST,60,HUL,8,PCS,25.00000
DOVE SHM+CONDI MRP-5,24,HUL,5,PCS,80.00000
DOVE SOAP 100GM-GST,36,HUL,3,PCS,55.55000
DOVE SOAP 125GX3,20,HUL,1,PCS,249.00000
EMAMI PURE GLOW 15G,,EMAMI,7,PCS,25.00000
EMAMI PURE GLOW 8GM,,EMAMI,240,PCS,10.00000
EMASOL DISHWASH BAR 60GM,189,EMAMI,529,PCS,5.00000
ENVY TALCUM 100GM-BLUSH,36,ENVY,2,PCS,198.00000
ENVY WOMEN DEO 120ML-KISS,36,ENVY,3,PCS,220.00000
ENVY WOMEN DEO 120ML-POUL,24,ENVY,2,PCS,220.00000
EXO DISHWASH BAR 60GM,,JYOTI LAB LIMITED,150:0,CARTON,4.62963
EXO DISHWASH BAR 60GM,125,JYOTI LAB LIMITED,34,PCS,5.00000
FAIR& LOVELY BB CRM 18 GM,48,HUL,14,PCS,0
FAIR& LOVELY BB CRM 9 GM,64,HUL,25,PCS,59.00000
FAIR&HANDSOME 15GM,360,EMAMI,60,PCS,36.36000
FAIR&HANDSOME 30GM,120,EMAMI,15,PCS,86.36360
FAIR&HANDSOME 60GM,60,EMAMI,22,PCS,165.14000
FAIR&HANDSOME FW 50GM,48,EMAMI,18,PCS,114.67800
FAIR&LOVELY 110GM,12,HUL,11,PCS,325.00000
FAIR&LOVELY 15GM,144,HUL,14,PCS,17.69882
FAIR&LOVELY 25GM,144,HUL,2,PCS,65.45000
FAIR&LOVELY 25GM[WINTER],144,HUL,68,PCS,59.43681
FAIR&LOVELY 50GM[WINTER],72,HUL,32,PCS,110.73264
FAIR&LOVELY 80GM,36,HUL,5,PCS,191.81000
FIFTY-FIFTY CHEEZE DIPPED MRP-50,60,BRITANNIA,100,PCS,44.53670
FIFTY-FIFTY MRP-10 GST (MARGIN 11.8),108,BRITANNIA,180,PCS,8.92000
FIFTY-FIFTY MRP-10[GOLMAAL-BUTTER] GST MARGIN-9.8,100,BRITANNIA,178,PCS,8.96581
FIFTY-FIFTY MRP-10[GOLMAAL] GST (MARGIN 11.8),72,BRITANNIA,36,PCS,8.92300
FIFTY-FIFTY MRP-5-GST,144,BRITANNIA,72,PCS,4.48892
FOAM GIL REG 50G-GST,48,P&G,2,PCS,84.82000
FOODIE TIFFIN BOX-MILTON,1,NIPPO,8,PCS,1.00000
FREINDS ADULT CLASS PAINT L 1,80,TEDDY,30,PCS,49.00000
FREINDS ADULT CLASS PAINT L10,12,TEDDY,11,PCS,585.00000
FREINDS ADULT CLASS PAINT M 1,80,TEDDY,30,PCS,49.00000
FREINDS ADULT CLASS PAINT M 10,12,TEDDY,17,PCS,200.00000
FREINDS ADULT CLASS PAINT XL 1,80,TEDDY,30,PCS,49.00000
GARNIER CLR[NO-1]-COLGATE MAX FR,18,GARNIER,15,PCS,100.00000
GARNIER CLR[NO-3.16]-COLGATE MAX FR,18,GARNIER,22,PCS,100.00000
GARNIER CLR[NO-3]-COLGATE MAX FR,18,GARNIER,32,PCS,100.00000
GARNIER POUCH[2],210,GARNIER,23,PCS,35.00000
GARNIER POUCH[3.16],210,GARNIER,2,PCS,35.00000
GARNIER POUCH[3],210,GARNIER,59,PCS,35.00000
GARNIER POUCH[4],210,GARNIER,133,PCS,45.00000
GHANDI 100GM[VASLINE],240,GANDHI,168,PCS,38.00000
GHANDI 200GM[VASLINE],120,GANDHI,59,PCS,71.00000
GHANDI 500GM[VASLINE],48,GANDHI,29,PCS,156.00000
GHANDI 50GM[VASLINE],360,GANDHI,333,PCS,20.00000
GHANDI[LIP GUARD],384,GANDHI,312,PCS,9.00000
GILLETE SAVING BRUSH-SINGLE,08,P&G,16,PCS,74.38500
GILLETE TSG-SEN 25GM,144,P&G,6,PCS,43.88160
GILLETE TSG-SEN 60GM,144,P&G,1,PCS,88.47640
GODREJ SOAP 150GM X 5,12,GODREJ,1,PCS,299.00000
GOOD NIGHT GOLD REFILES 2 PACK,12,GODREJ,4,PCS,150.00000
GOODAY MRP-10[BUTTER]-PACK CASE,01,BRITANNIA,25,PCS,730.00000
GOODAY MRP-10[CASHEW] GST (MARGIN 9.45),84,BRITANNIA,924,PCS,9.15829
GOODAY MRP-150[CASHEW],10,BRITANNIA,6,PCS,94.80000
GOODAY MRP-20[FRUIT& NUT] GST MARGIN-11.8,60,BRITANNIA,36,PCS,17.84600
GOODAY MRP-40[BUTTER]-GST (MARGIN-9.8),20,BRITANNIA,89,PCS,36.01000
GOODAY MRP-45[CASHEW] GST-(MARGIN-9.45),20,BRITANNIA,60,PCS,36.46000
GOODAY MRP-55[PISTA],48,BRITANNIA,12,PCS,44.61000
GOODAY MRP-5[BUTTER] PACK CASE,01,BRITANNIA,23,PCS,780.00000
GOODAY MRP-140[PISTA] GST (MARGIN 9.9),10,BRITANNIA,6,PCS,115.65850
GUARD CRT[1],2400,P&G,176,PCS,12.01200
GUARD CRT[2],256,P&G,3,PCS,134.53180
GUARD CRT[4],480,P&G,169,PCS,43.38000
GUARD CRT[8]-GST,480,P&G,398,PCS,81.66000
GUARD RAZOR,108,P&G,89,PCS,110.00000
GUARD RAZOR 3 IN 1,06,P&G,23,PCS,113.63000
H&S SHM CM 400ML OFFER,18,P&G,9,PCS,420.00000
H&S SHM SS 400ML,30,P&G,18,PCS,409.09000
H&s SHM 200ML[AHF],56,P&G,8,PCS,198.18000
H&s SHM 200ML[CM],56,P&G,10,PCS,198.18000
H&s SHM 200ML[SILKY BLACK],56,P&G,3,PCS,198.18000
H&s SHM 200ML[SILKY SMOOTH],56,P&G,7,PCS,198.18000
H&s SHM 400ML[AHF],30,P&G,11,PCS,409.09000
H&s SHM 400ML[SILKY BLACK],30,P&G,16,PCS,409.90000
H&s SHM 6ML[DAILY CLEAN],60,P&G,110,PCS,25.00000
H&s SHM 6ML[DAILY COOL],60,P&G,5,PCS,25.00000
H&s SHM 6ML[DEEP CLEAN],60,P&G,60,PCS,25.00000
H&s SHM 7 IN ONE 72 ML,48,P&G,1,PCS,71.81000
H&s SHM 90ML[AHF]-GST,48,P&G,22,PCS,71.89400
H&s SHM 90ML[ANTI DANDRUFF],1,P&G,3,PCS,71.81000
H&s SHM 90ML[CM],48,P&G,6,PCS,71.71000
H&s SHM 90ML[DC],48,P&G,2,PCS,71.81800
H&s SHM 90ML[SILKY BLACK]-GST,48,P&G,3,PCS,71.81000
H&s SHM 90ML[SILKY SMOOTH],48,P&G,8,PCS,71.81000
H&s SHM 90ML[SILKY SMOOTH]-GST,48,P&G,18,PCS,71.89400
HAIR&CARE 100ML,144,MERICO,1,PCS,66.00000
HAIR&CARE 200ML-GST,72,MERICO,40,PCS,120.00000
HAIR&CARE 300ML-GST,60,MERICO,17,PCS,199.00000
HATHLEVA MAHENDI CONE,60,HATHLEVA,142,PCS,38.00000
HIMALAYA BABY CRM 100ML,48,HIMALAYA,124,PCS,200.00000
HIMALAYA BABY CRM 50ML,50,HIMALAYA,24,PCS,105.00000
HIMALAYA BABY OIL 200ML,36,HIMALAYA,24,PCS,260.00000
HIMALAYA BABY OIL 200ML OFFER,24,HIMALAYA,4,PCS,132.30167
HIMALAYA BABY SHM 100ML,36,HIMALAYA,11,PCS,69.04194
HIMALAYA BABY SHM 200ML,25,HIMALAYA,23,PCS,127.58440
HIMALAYA BABY SOAP 125GM-GST,60,HIMALAYA,1,PCS,105.00000
HIMALAYA BABY TALCUM 200GM-GST,24,HIMALAYA,13,PCS,204.00000
HIMALAYA FW 150ML,24,HIMALAYA,5,PCS,265.00000
HIMALAYA GIFT MRP-675,10,HIMALAYA,6,PACK,675.00000
HIMALAYA LOATION 100ML,36,HIMALAYA,9,PCS,125.00000
HIRA OIL SOAP 1KG,20,SIRMOUR,20,KG,80.00000
HIT ANTI ROACH GEL,12,GODREJ,1,PCS,199.00000
Hanger,1,YELLOW DIMOND,226,PCS,0.13000
JOY LOATION 300ML,36,JOY,2,PCS,116.00000
KEO KARPIN OIL 200ML,40,KEO KARPIN,3,PCS,81.51225
KEO KARPIN OIL 200ML-GST,36,KEO KARPIN,7,PCS,0
KEO KARPIN OIL 300ML,36,KEO KARPIN,3,BOTTLE,150.00000
KESH KANTI 5.5ML[NATURAL],60,PATANJALI,167,PCS,16.00000
KESH KANTI 5.5ML[NEEM],60,PATANJALI,15,PCS,16.00000
KESH KANTI 6ML[FREE W DANTKANTI MRP-10],60,PATANJALI,2,PCS,16.00000
KESH KANTI SHM 200ML[MILK PRO.],36,PATANJALI,7,PCS,96.36000
KESH KANTI SHM 200ML[SHIKAKAI],36,PATANJALI,6,PCS,120.00000
KESH KING OIL 100X4+4SHM+50MLOIL(GOLD),24,EMAMI,91,PCS,172.72000
KESH KING OIL 300X4+100MLOIL-GST,12,EMAMI,20,PCS,340.00000
KESH KING OIL 30ML[5+1]-GST,,EMAMI,56,PCS,45.87000
KESH KING OIL 50ML[6+1],12,EMAMI,7,PCS,570.00000
KESH KING OIL 50ML[6+1]-GOLD,36,EMAMI,56,PCS,90.90000
KESH KING SHM 200ML GST,48,EMAMI,49,PCS,140.90900
KESH KING SHM 340ML-GST,24,EMAMI,18,PCS,304.54000
KESH KING SHM 5.5ML,60,EMAMI,45,PCS,29.09000
KESH KING SHM 80ML,60,EMAMI,6,PCS,69.00000
KESH KING SHM 80ML-GST,60,EMAMI,79,PCS,50.00000
KOZICARE FACE WASH 100GM[SALICYCLIC ACID],1,URBAN GABRU,3,PCS,499.00000
KOZICARE SKIN CREAM 15GM,12,URBAN GABRU,3,PCS,185.00000
KOZICARE SKIN SOAP 75GM,12,URBAN GABRU,21,PCS,199.00000
LAKME CC CRM,1,HUL,1,PCS,115.00000
LAKME EYECONIC KAJAL,18,HUL,2,PCS,134.99444
LAYER CAKE 12GM[ VEG] -ORANGE GST (MARGIN 18.72),320,BRITANNIA,540,PCS,4.04100
LAYER CAKE 12GM[ VEG] GST (MARGIN 18.72),424,BRITANNIA,3710,PCS,4.22000
"LAYER""R SHOT BOLD ICON 120ML",72,"LAYER""R",13,PCS,106.00000
"LAYER""R SHOT BOLD LEGEND 120ML",72,"LAYER""R",14,PCS,106.13000
"LAYER""R SHOT BOLD VICTOR 120ML",72,"LAYER""R",16,PCS,106.00000
"LAYER""R WOTTAGIRLI 135ML-VANILLA TWIST",72,"LAYER""R",8,PCS,184.79739
"LAYER""R WOTTAGIRLI 60ML-MANDARIN TWIST",144,"LAYER""R",2,PCS,66.00000
"LAYER""R WOTTAGIRLI 135ML-MYSTIC ISLAND",72,"LAYER""R",1,PCS,184.79739
"LAYER""R WOTTAGIRLI 50ML-FRENCH PEONY",144,"LAYER""R",3,PCS,66.00000
"LAYER""R-WOTTAGIRLI-135ML-CHAMPACA DELIGHT",144,"LAYER""R",2,PCS,173.20000
"LAYER""R-WOTTAGIRLI-135ML-MANDARIN TWIST",144,"LAYER""R",3,PCS,173.20000
"LAYER""R-WOTTAGIRLI-135ML-PINK ANGEL",144,"LAYER""R",1,PCS,173.20000
"LAYER""R-WOTTAGIRLI-135ML-SANDAL BLISS",144,"LAYER""R",4,PCS,173.20000
LIFEBOY 100GMX5,18,HUL,4,PCS,144.78000
LIVON SERUM 100ML,1,MERICO,2,PCS,216.58000
LIVON SERUM 45ML,1,MERICO,1,PCS,140.00000
MACH THREE CRT[2],72,P&G,5,PCS,349.00000
MAMY POKO PANTS L REG,24,UNICHARM,7,CAN,75.00000
MAMY POKO PANTS M REG,24,UNICHARM,3,CAN,75.00000
MARIGOLD MRP-10-GST,96,BRITANNIA,2304,PCS,8.95000
MARIGOLD MRP-45-GST,36,BRITANNIA,269,PCS,35.86317
MAYURI AMLA HAIR OIL 210ML,48,KHADI[MAYURI],18,PCS,249.00000
MAYURI BRAHMI SATREETHA HAIR WASH 500ML,48,KHADI[MAYURI],3,PCS,249.00000
MAYURI HEENA[BLK],1,KHADI[MAYURI],106,PCS,75.00000
MAYURI ONIAN SHAMPOO 210ML,48,KHADI[MAYURI],1,PCS,249.00000
MAYURI ONION HAIR OIL 210ML,48,KHADI[MAYURI],5,PCS,249.00000
MAYURI SHARBAT[GULAB],1,KHADI[MAYURI],4,PCS,175.00000
MAYURI SHM[AMLA BHRINGRAJ],1,KHADI[MAYURI],3,PCS,249.00000
MAYURI SHM[ANTI DANDRUFF],1,KHADI[MAYURI],6,PCS,249.00000
MAYURI SHM[SHIKAKAI],1,KHADI[MAYURI],4,PCS,249.00000
MAYURI SOAP[ALOE],1,KHADI[MAYURI],3,PCS,90.00000
MAYURI SOAP[HALDI],1,KHADI[MAYURI],4,PCS,90.00000
MAYURI SOAP[MIX FRUIT],1,KHADI[MAYURI],5,PCS,90.00000
MAYURI SOAP[NEEM TULSI],1,KHADI[MAYURI],4,PCS,90.00000
MAYURI SOAP[ORANGE],1,KHADI[MAYURI],6,PCS,90.00000
MAYURI SOAP[SAFFRON],1,KHADI[MAYURI],5,PCS,90.00000
MILKBIKIS MRP-10 GST MARGIN-11.8,96,BRITANNIA,11,PCS,8.92500
MILKBIKIS MRP-30,42,BRITANNIA,42,PCS,26.89747
MILKBIKIS MRP-35-GST,32,BRITANNIA,42,PCS,26.76900
MILKBIKIS MRP-5 GST (MARGIN 11.65),168,BRITANNIA,1176,PCS,4.48889
NAVRATAN OIL 180ML-GST,60,EMAMI,52,PCS,140.90000
NAVRATAN OIL 45ML-GST,120,EMAMI,15,PCS,40.00000
NAVRATAN TALCUM 100GM[ACTIVE]-GST,72,EMAMI,60,PCS,95.45000
NAVRATAN TALCUM 100GM[MINT]-GST,72,EMAMI,63,PCS,95.45000
NAVRATAN TALCUM 18GM 24PCS IN JAR,288,EMAMI,264,PCS,9.09000
NAVRATAN TALCUM 200GM[ACTIVE]-GST,48,EMAMI,24,PCS,127.27000
NAVRATAN TALCUM 50GM[ACTIVE],120,EMAMI,130,PCS,45.45000
NAVRATAN TALCUM 50GM[MINT],120,EMAMI,129,PCS,45.45000
NICE TIME MRP-25 GST(MARGIN-9.8),40,BRITANNIA,116,PCS,22.81000
NIHAR AMLA 175ML,90,MERICO,23,PCS,42.53733
NIHAR AMLA 275ML-GST,60,MERICO,9,PCS,82.00000
NIHAR JASMINE 175ML,72,MERICO,91,PCS,40.27000
NIHAR JASMINE 29ML,432,MERICO,600,PCS,10.00000
NIHAR SARSO 175ML,72,MERICO,85,PCS,62.00000
NIHAR SARSO 68ML,216,MERICO,47,PCS,12.67398
NIHAR SARSO 78ML,216,MERICO,108,PCS,0.00241
NIPPO AAA GOLD,1200,NIPPO,80,PCS,14.00000
NIPPO BATTERY[AA],1200,NIPPO,320,PCS,5.50000
NIPPO DORCO CRT,576,NIPPO,2,PCS,10.00000
NIPPO DORCO RAJOR MRP-10,576,NIPPO,1,PCS,10.00000
NIPPO HEAD LAMP,12,NIPPO,4,PCS,499.00000
NIPPO LED [0.5W] RED,36,NIPPO,3,PCS,70.00000
NIPPO LED[0.5W]-WHITE,36,NIPPO,5,PCS,70.00000
NIPPO LED[12W],30,NIPPO,2,PCS,300.00000
NIPPO LED[7W],50,NIPPO,16,PCS,150.00000
NIPPO LED[9W],50,NIPPO,19,PCS,160.00000
NIPPO LED[9W]-RECHARGE,50,NIPPO,14,PCS,599.00000
NIPPO LV COMBI,60,NIPPO,1,PCS,100.00000
NIPPO LV REFILL,120,NIPPO,172,PCS,80.00000
NIPPO MOSQUTIO BAT,20,NIPPO,3,PCS,599.00000
NIPPO TORCH[AGNI],48,NIPPO,1,PCS,125.00000
NIPPO TORCH[FLAME],48,NIPPO,1,PCS,125.00000
NIPPO TORCH[MASHAAL],48,NIPPO,8,PCS,99.00000
NUTRI CHOICE MRP-10,72,BRITANNIA,21,PCS,8.96581
NUTRI CHOICE MRP-25 GST (MARGIN-11.8),72,BRITANNIA,36,PCS,22.41875
OLAY 20G,48,P&G,110,PCS,94.88380
OLAY 40G,24,P&G,63,PCS,199.00000
OLD SPICE ASL 100ML-LP,48,P&G,1,PCS,222.53600
OLD SPICE ASL 50ML,1,P&G,22,PCS,100.00000
OLD SPICE SAVING CREAM 70GM[LIME],144,P&G,7,PCS,63.39000
OLD SPICE SAVING CREAM 70GM[MUSK],96,P&G,7,PCS,63.39000
OLD SPICE SAVING CREAM 70GM[ORIG.] GST,96,P&G,1,PCS,63.46000
ORAL B BRUSH[12]-MRP-264,12,P&G,6,PCS,132.13200
ORAL B BRUSH[7+3],20,P&G,12,PCS,270.83000
ORAL B BRUSH[9+3],24,P&G,4,PCS,187.67700
ORBIT MIX FRUIT 20*32*3.3GM,20,WRIGLEY,13,PCS,128.57000
OXI DISHWASH 500GM,24,TRIPTI,3,PCS,33.99583
Oral B Single Packing In One Code,20,P&G,1,PCS,25.00000
PALVADIC GULAB JAL MRP-20,360,PAL VEDIC,76,PCS,9.83000
PALVADIC GULAB JAL MRP-35,216,PAL VEDIC,17,PCS,18.72500
PALVADIC GULAB JAL[MIX] MRP-40,360,PAL VEDIC,136,PCS,21.40000
PALVADIC GULAB JAL[MIX] MRP-70,216,PAL VEDIC,65,PCS,37.45000
PAMPERS PC M[4],72,P&G,5,PCS,92.00000
PAMPERS PC S[4],72,P&G,122,PCS,40.00000
PAMPERS RED L[ECON]-GST,24,P&G,2,PCS,163.48500
PAMPERS RED L[VALUE]-GST,12,P&G,2,PCS,311.96000
PAMPERS RED M[ECON],18,P&G,1,PCS,199.00000
PAMPERS RED M[VALUE]-GST,12,P&G,3,PCS,311.96000
PAMPERS RED S[ECON],24,P&G,2,PCS,190.90000
PAMPERS RED S[REG]-GST,40,P&G,23,PCS,77.58500
PAMPERS RED S[VALUE]-GST,12,P&G,8,PCS,291.66000
PAMPERS RED XL[REG]-GST,40,P&G,5,PACK,97.50000
PAMPERS RED XL[VALUE]-GST,12,P&G,3,PCS,350.00000
PAMPERS RED XXL[VALUE]-GST,08,P&G,3,PCS,324.16000
PAMPERS YELLO NB REG-GST,48,P&G,3,PCS,80.08300
PANTENE SHM 180ML[DR],56,P&G,1,PCS,194.54000
PANTENE SHM 180ML[LT],56,P&G,2,PCS,194.54000
PANTENE SHM 200ML[SS],56,P&G,6,PCS,194.54500
PANTENE SHM 340ML[DR],30,P&G,2,PCS,372.72000
PANTENE SHM 340ML[SS],30,P&G,3,PCS,372.72000
PARACHUT 150ML[ALOVEERA],72,MERICO,3,PCS,64.75236
PARACHUT 175ML[COCONUT],100,MERICO,48,PCS,75.00000
PARACHUT 190ML[JASMINE],72,MERICO,15,PCS,95.00000
PARACHUT 250ML[ALOVEERA],48,MERICO,2,PCS,137.00000
PARACHUT 300ML[JASMINE],48,MERICO,1,PCS,144.00000
PARACHUT 500ML[COCONUT GOLD],24,MERICO,1,PCS,230.00000
PARACHUT 500ML[COCONUT],40,MERICO,48,PCS,209.09000
PARACHUT 500ML[JASMINE],36,MERICO,7,PCS,168.08722
PARACHUT 90ML[JASMINE],72,MERICO,111,PCS,47.00000
PATANJALI ALOE GEL 150ML,60,PATANJALI,11,PCS,100.00000
PATANJALI ALOE GEL 60ML,96,PATANJALI,29,PCS,50.00000
PATANJALI BATH SOAP -ALOVEERA 600GM,30,PATANJALI,16,SET,122.22000
PATANJALI BATH SOAP -HALDI 600GM,30,PATANJALI,18,SET,136.11000
PATANJALI DISWASHBAR 145GM,63,PATANJALI,15,PCS,10.00000
PEARS SOAP 100GM,108,HUL,63,PCS,46.29000
PEARS SOAP 50GM,144,HUL,28,PCS,18.51800
PEARS SOAP 625 GM,12,HUL,3,PCS,440.00000
PERFUMERUSH 100ML- [CLASSIC MEN ],12,AUGAR PERFUMES,6,PCS,224.50000
PERFUMERUSH 100ML- [DELIGHTFUL LOVE ],12,AUGAR PERFUMES,6,PCS,225.50000
PERFUMERUSH 100ML- [ETERNAL ],12,AUGAR PERFUMES,5,PCS,224.50000
PERFUMERUSH 100ML- [HUSTLE ],12,AUGAR PERFUMES,10,PCS,224.50000
PERFUMERUSH 100ML- [LEGEND OUD ],12,AUGAR PERFUMES,6,PCS,224.50000
PERFUMERUSH 100ML- [LUVAERO ],12,AUGAR PERFUMES,7,PCS,224.50000
PERFUMERUSH 100ML- [MOONDUST ],12,AUGAR PERFUMES,3,PCS,224.50000
PERFUMERUSH 100ML- [NOIRMONT ],12,AUGAR PERFUMES,5,PCS,224.50000
PERFUMERUSH 20ML- [DELIGHT LOVE ],60,AUGAR PERFUMES,12,PCS,74.50000
PERFUMERUSH 20ML- [ETERNAL ],60,AUGAR PERFUMES,12,PCS,74.50000
PERFUMERUSH 20ML- [HUSTLE ],60,AUGAR PERFUMES,24,PCS,74.50000
PERFUMERUSH 20ML- [LEGEND OUD ],60,AUGAR PERFUMES,12,PCS,74.50000
PERFUMERUSH 20ML- [LOVAERO ],60,AUGAR PERFUMES,4,PCS,74.50000
PERFUMERUSH 20ML- [MOONDUST ],60,AUGAR PERFUMES,3,PCS,74.50000
PERFUMERUSH 20ML- [NOIRMONT ],60,AUGAR PERFUMES,4,PCS,74.50000
PONDS COLD CREAM 30ML,150,HUL,54,PCS,47.18140
PONDS CREAM 15GM[WHITE BEAUTY],36,HUL,21,PCS,60.52000
PONDS CRM 23GM[WHITE BEAUTY],72,HUL,55,PCS,109.64000
PONDS FW 100GM[PURE WHITE],24,HUL,35,PCS,144.87042
PONDS FW 50GM[PURE WHITE],48,HUL,40,PCS,118.18000
PONDS FW 50GM[WHITE BEAUTY]],48,HUL,2,PCS,99.09000
PONDS SUPERLIGHT GEL 60ML,72,HUL,13,PCS,89.50250
PONDS TALCUM 100GM[DREAM FLOWER],100,HUL,42,PCS,92.72000
PONDS TALCUM MRP-10[DREAM FLOWER],12,HUL,6,PCS,220.00000
PREM DULHAN 10GM BLACK,70,PREM DULHAN,30,PCS,0
PREM DULHAN 15GM,30,PREM DULHAN,11,PCS,86.00000
PREM DULHAN 200GM,75,PREM DULHAN,28,PCS,44.00000
PREM DULHAN 500GM,40,PREM DULHAN,13,PCS,105.00000
PREM DULHAN CONE PINK,66,PREM DULHAN,16,PCS,45.00000
PREM DULHAN FAST CONE 25GM,60,PREM DULHAN,175,PCS,60.00000
PRESTO[3+1],192,P&G,2,PCS,75.00000
PURE MAGIC MRP-30 GST MARGIN-11.8,60,BRITANNIA,112,PCS,26.89740
Pantene Condi Hfc 180ml,24,P&G,2,PCS,234.13560
Pantene Condi Hfc 90ml,24,P&G,1,PCS,91.40280
REVIVE LIQ 400GM,1,MERICO,1,PCS,155.00000
RIN ADVANCE 160GM,84,HUL,4,PCS,8.58095
RIO SANITARY PADS XL-6,96,TEDDY,84,PCS,40.00000
ROUND OFF,12,ROUND OFF,11,PCS,4.12000
RUSK MRP-10 GST MARGIN-19.8,36,BRITANNIA,468,PCS,8.40908
RUSK MRP-50 GST MARGIN-15,32,BRITANNIA,145,PCS,43.58000
SARGAM DETERGENT POWDER 1KG,01,SARGAM,11,BAG,"1,746.00000"
SARGAM DETERGENT POWDER 1KG.-LOSSE,26,SARGAM,18,PCS,0
SARGAM DETERGENT POWDER 3KG,01,SARGAM,3,BAG,"2,096.00000"
SARGAM WASHING SOAP 13.3KG,01,SARGAM,11,PCS,578.00000
SARGAM WASHING SOAP 14.4KG,01,SARGAM,5,PCS,670.00000
SET WET 100GM[HAIR GEL],1,MERICO,12,PCS,100.00000
SETHANI 100GM,1,PURNIMA MAHENDI,9,PCS,48.00000
SEVEN OIL 100ML PLAIN-GST,48,EMAMI,592,PCS,63.63000
SEVEN OIL 200ML PLAIN GST,24,EMAMI,278,PCS,109.09000
SEVEN OIL 50ML PLAIN-GST,72,EMAMI,204,PCS,31.81000
SEVEN OIL 650ML,12,EMAMI,6,PCS,435.77900
SIRMOUR PINK 1KG,10,SIRMOUR,18,KG,100.00000
SIRMOUR SOAP GOLD 1KG,10,SIRMOUR,29,KG,123.00000
SNICKERS STICK 12*24*40GM,12,WRIGLEY,2,PCS,964.28500
SNICKERS STICK 12*32*20GM,12,WRIGLEY,3,PCS,514.28000
SNICKERS STICK 12*40*11.5GM,12,WRIGLEY,2,PCS,321.42000
SPINZ BB CRM 4GM,40,CLAVIN CARE,38,PCS,85.89975
SPINZ DEO 50ML,60,CLAVIN CARE,46,PCS,19.04383
SPINZ TALC 10GM[FACE TALCUM],12,CLAVIN CARE,9,PCS,140.27000
SPINZ TALC 12GM,12,CLAVIN CARE,9,PCS,70.13583
SPINZ TALC 25GM,8,CLAVIN CARE,2,PCS,72.14000
STAYFREE REG 6+2S,120,STAYEFREE,99,PCS,33.03000
STAYFREE XL 6S,108,STAYEFREE,68,PCS,37.50000
STREAX CLR[1] MRP-22,192,STREX,53,PCS,16.00000
STREAX SERUM 45ML MRP-140,96,STREX,34,PCS,140.00000
STREAX SERUM 90ML MRP-260,60,STREX,34,PCS,260.00000
SURFEXCEL BAR 800GM,20,HUL,1,PCS,118.51000
SURFEXCEL EASYWASH 500GM,24,HUL,8,PCS,63.86000
SURFEXCEL EASYWASH 85GM,10,HUL,227,PCS,105.26000
SWISS ROLL TRIPLE CHOCHO MRP-9,240,BRITANNIA,240,PCS,9.01100
Stand,1,YELLOW DIMOND,1,PCS,25.49000
TCW LD CHEESE 28.7+2.8G,144,BRITANNIA,84,PCS,8.92000
TCW LD CHOCHO MRP-05,320,BRITANNIA,320,PCS,4.46800
TEA MAHAMANI RED 500GM,50,MAHAMANI TEA,6,PCS,500.00000
TEA(MAHAMANI) 1KG,25,MAHAMANI TEA,31,PCS,260.00000
TEA(MAHAMANI) 250GM,100,MAHAMANI TEA,360,PCS,65.00000
TEDDY BABY WIPES 72 N,24,TEDDY,17,PCS,199.00000
TEDDY EASY L[1],240,TEDDY,100,PCS,12.00000
TEDDY EASY M[1],240,TEDDY,90,PCS,10.00000
TEDDY EASY S[1],240,TEDDY,140,PCS,10.00000
TEDDY MED PANTS M REG,27,TEDDY,95,PCS,93.00000
TEDDY MED PANTS S REG,27,TEDDY,121,PCS,99.00000
TEDDY MED PANTS XL REG,27,TEDDY,27,PCS,99.00000
TEDDY VALUE PANTS L 24,08,TEDDY,8,PCS,379.00000
TEDDY VALUE PANTS M 30,08,TEDDY,8,PCS,379.00000
TEDDY VALUE PANTS S 38,08,TEDDY,7,PCS,379.00000
TIDE BAR MINI[BLUE],96,P&G,192,PCS,6.00000
TIDE DETERGENT 1.1KG[PLUS],24,P&G,1,PCS,136.00000
TIDE DETERGENT 1KG[PLUS],24,P&G,16,PCS,120.66000
TIDE DETERGENT 5+1KG+BUCKET[PLUS],4,P&G,3,PCS,775.00000
TIDE DETERGENT 5+1KG[PLUS],4,P&G,8,PCS,785.00000
TIDE DETERGENT 500GM[PLUS],48,P&G,112,PCS,65.00000
TIDE DETERGENT 9KG[PLUS],3,P&G,2,PCS,"1,089.00000"
TIDE DETERGENT RS-10[PLUS],5,P&G,197,PCS,100.00000
TIGER COCONUT MRP-10 GST MARGIN-11.8,120,BRITANNIA,816,PCS,8.92000
TIGER GLUCOSE MRP-10 GST(MARGIN 9.8),60,BRITANNIA,120,PCS,9.17480
TIGER GLUCOSE MRP-5 GST (MARGIN 9.9),144,BRITANNIA,1272,PCS,4.58300
TIGER KREEMZ MRP-5[CHOCHO-MILK] GST (MARGIN 11.65),144,BRITANNIA,144,PCS,4.46800
TIGER KREEMZ MRP-5[CHOCHO] GST (MARGIN 11.65),144,BRITANNIA,72,PCS,4.47000
TIGER KREEMZ MRP-5[ELAICHI]-GST,144,BRITANNIA,84,PCS,4.47000
TIGER KREEMZ MRP-5[ORANGE] GST (MARGIN 11.65),144,BRITANNIA,180,PCS,4.47000
TIGER KRUNCH MRP-10 GST MARGIN-11.8,108,BRITANNIA,192,PCS,8.92290
TIGER KRUNCH MRP-5 GST (MARGIN 11.65),216,BRITANNIA,552,BAG,4.48890
TREAT CRM MRP-100[ORANGE]-GST,20,BRITANNIA,9,PCS,59.33840
TREAT CRM MRP-10[JIMJAM],120,BRITANNIA,1248,PCS,9.09000
TREAT CRM MRP-10[ORANGE]-GST,80,BRITANNIA,40,PCS,9.08250
TREAT CRM MRP-10[VANILLA]-GST,80,BRITANNIA,40,PCS,9.12570
TREAT CRM[CHOCHO] MRP-10,80,BRITANNIA,60,PCS,9.12000
TREAT CRM[JIMJAM] MRP-10 PACK CASE,01,BRITANNIA,3,CARTON,"1,090.30000"
TREAT CROISSANT MIXED FRUIT,20,BRITANNIA,20,PCS,18.00720
TREAT WAFERS LD CHEESE 10.2,320,BRITANNIA,288,PCS,4.46760
TREAT WAFERS LD CHOCO 10.2G,320,BRITANNIA,544,PCS,4.46760
TREAT WLD CHOCO 28.7+1.8G,144,BRITANNIA,48,PCS,8.92200
TRIPATI 100GM[VASLINE],192,TRIPTI,81,PCS,29.12141
TRIPATI 200GM[VASLINE],96,TRIPTI,82,PCS,56.41740
TRIPATI 50GM[VASLINE],288,TRIPTI,226,PCS,18.20090
UG ANIMAL PERFUME 40 ML (MRP 499),12,URBAN GABRU,3,PCS,499.00000
UG GENTALMAN PERFUME 40 ML (MRP 499),12,URBAN GABRU,1,PCS,499.00000
UG PIRATE PERFUME 40 ML (MRP 499),12,URBAN GABRU,3,PCS,499.00000
UG TOKSIC PERFUME 40 ML (MRP 499),12,URBAN GABRU,6,PCS,499.00000
UJALA 75ML,250,JYOTI LAB LIMITED,102,PCS,32.00000
URBAN-GABRU 100ML[DEO PACK 1+1],1,URBAN GABRU,9,PCS,225.00000
URBAN-GABRU 10GM [HAIR POWER WAX],1,URBAN GABRU,5,PCS,399.00000
URBAN-GABRU 130ML [HAIR REMOVAL],1,URBAN GABRU,14,PCS,399.00000
URBAN-GABRU 200ML [HAIR REMOVAL],1,URBAN GABRU,4,PCS,499.00000
URBAN-GABRU 250ML [HAIR SPRAY],1,URBAN GABRU,1,PCS,199.00000
URBAN-GABRU 25GM[MOOCH WAX],1,URBAN GABRU,4,PCS,75.00000
URBAN-GABRU 5GM [HAIR POWER WAX],1,URBAN GABRU,5,PCS,299.00000
URBAN-GABRU 60ML[GROWTH OIL],1,URBAN GABRU,1,PCS,399.00000
URBAN-GABRU TRIMFINITY RIZZLER BEARD TRIMMER,,URBAN GABRU,2,PCS,"1,400.00000"
URBAN-YOG 130ML[HAIR REMOVAL-A&T],1,URBAN GABRU,27,PCS,399.00000
URBAN-YOG 130ML[HAIR REMOVAL-ALOE&LEMON],12,URBAN GABRU,6,PCS,332.50000
URBAN-YOG 200ML[HAIR REMOVAL-A&T],1,URBAN GABRU,32,PCS,415.83000
URBAN-YOG 200ML[HAIR REMOVAL-ALOEVEERA],12,URBAN GABRU,8,PCS,499.00000
URBAN-YOG 200ML[HAIR REMOVAL-ROSE],1,URBAN GABRU,14,PCS,499.00000
URBAN-YOG 60GM[PEEL OF MASK],1,URBAN GABRU,24,PCS,99.00000
V-12 POWER MAX SALOON PACK,200,GREATWHITE,54,PCS,37.00000
V-12 SALOON PACK,200,GREATWHITE,3,PCS,45.00000
V-12 SAVING CRM 125GM,144,GREATWHITE,76,PCS,60.00000
VAKOLA COLOUR BLACK NO-1,80,PREM DULHAN,12,PCS,90.00000
VAKOLA COLOUR BLACK NO-1 MRP_799,24,PREM DULHAN,23,PCS,250.00000
VASLINE BODYLOATION 100ML[HEALTHY WHITE],96,HUL,1,PCS,68.91885
VASLINE BODYLOATION 100ML[YELLO],96,HUL,12,PCS,81.81000
VASLINE BODYLOATION 45ML,216,HUL,215,PCS,42.00000
VASMOL HAIR CLR 100GM,48,HRIPL(VASMOL),10,PCS,65.00000
VASMOL HAIR CLR 50GM,96,HRIPL(VASMOL),40,PCS,35.00000
VASMOL JAS PREMIUM HAIR OIL 200ML,24,HRIPL(VASMOL),19,PCS,67.00000
VASMOL JAS PREMIUM HAIR OIL 300ML,12,HRIPL(VASMOL),3,PCS,109.00000
VASMOL JAS PREMIUM HAIR OIL 500ML,12,HRIPL(VASMOL),21,PCS,175.00000
VASMOL JAS PREMIUM HAIR OIL 90ML,48,HRIPL(VASMOL),36,PCS,30.00000
VEC3 CRT 4S,1,P&G,1,PCS,245.78000
VECTOR+ CRT-2,36,P&G,9,PCS,86.63560
VECTOR+ CRT-4,36,P&G,6,PCS,164.51560
VECTOR+ CRT-6,36,P&G,6,PCS,233.66360
VECTOR+ RAZOR,36,P&G,5,PCS,93.75000
VEET 15GM,144,VEET,51,PCS,54.00000
VEG BROWNIE 40GM,90,BRITANNIA,180,PCS,16.80000
VEG CAKE MRP-10[CHOCOLATE]-GST,72,BRITANNIA,609,PCS,8.97000
VEG CAKE MRP-10[FRUIT]-GST,72,BRITANNIA,620,PCS,9.01072
VEG CAKE MRP-25[CHOCOLATE] GST (MARGIN 11.8),60,BRITANNIA,120,PCS,22.42000
VEG CAKE MRP-25[FRUIT] GST MARGIN-11.8,60,BRITANNIA,120,PCS,22.52660
VENUS NATURAL CREAM 100GX3+100GM FR,20,RSPL,13,PCS,107.73000
VENUS RAJOR[COMFORT],18,P&G,1,PCS,334.82000
VENUS RAJOR[SIMPLY],192,P&G,39,PCS,99.00000
VICKS BABYRUB 10ML RTM,144,P&G,22,PCS,42.59900
VICKS BABYRUB 25ML-GST,320,P&G,21,PCS,104.16000
VICKS GOLI [115+25],32,P&G,33,PCS,192.10800
VICKS INHELOR-GST,650,P&G,48,PCS,53.38000
VICKS VAPORUB 105ML,72,P&G,6,PCS,283.61000
VICKS VAPORUB 10GM[RTM],72,P&G,37,PCS,40.04000
VICKS VAPORUB 25ML-GST,320,P&G,56,PCS,85.08000
VICKS VAPORUB 50ML-GST,180,P&G,73,PCS,155.35000
VICKS VAPORUB 5GM[RTM]-GST,960,P&G,54,PCS,19.18500
Vicks Goli Streamer 10s,100,P&G,1,PCS,16.70550
WHISPER CHOICE ULTRA 10s,80,P&G,27,PCS,70.00000
WHISPER CHOICE ULTRA 20S,30,P&G,16,PCS,144.28000
WHISPER CHOICE ULTRA 6S,64,P&G,51,PCS,45.04000
WHISPER CHOICE ULTRA XXL 6S,60,P&G,48,PCS,49.54000
WHISPER CHOICE XL 18S,36,P&G,5,PCS,112.72000
WHISPER CHOICE XL 6S,60,P&G,17,PCS,40.54000
WHISPER PANTY 2S,1,P&G,2,PCS,89.18900
WHISPER PANTY 6S,18,P&G,3,PCS,292.79000
WHISPER ULTRA XL 6S,60,P&G,30,PCS,44.00000
WHISPER ULTRA XL+ 30S,18,P&G,6,PCS,350.34000
WHISPER ULTRA XL+ 7S,60,P&G,4,PCS,85.58000
WHITE TONE CRM 15GM-GST,384,VINI,41,PCS,48.00000
WHITE TONE CRM 50GM,144,VINI,113,PCS,150.00000
WILDSTONE 400GM[TALCUM],48,WILDSTONE,4,PCS,330.00000
WINKIN 180ML[COLD-COFFEE]-GST,30,BRITANNIA,14,PCS,32.25000
WINKIN LASSI 180ML[CLASSIC]-GST,30,BRITANNIA,194,PCS,18.32000
WINKIN SHAKE 180ML[CHOCHO]-GST,30,BRITANNIA,199,PCS,35.31394
WINKIN SHAKE 180ML[STRAWBERRY]-GST,30,BRITANNIA,30,PCS,35.31000
WINKIN SHAKE 180ML[VANILLA]-GST,30,BRITANNIA,30,PCS,35.48210
WOTTAGIRL ROLLON VANILA TWIST FREE SKU,24,"LAYER""R",9,PCS,180.42750
WOTTAGIRL ROLLON 25ML-SECRET CRUSH,36,"LAYER""R",4,PCS,90.00000
WOTTAGIRL ROLLON 25ML-VANILA TWIST,36,"LAYER""R",27,PCS,90.00000
XL SCRUBBER,54,XL SCRUBER,51,PCS,80.00000
XPERT SCRUBBER,216,RSPL,20,PCS,15.00000
YD BISCUIT MINI BITES CHOCOLATE MRP-5,240,YELLOW DIM.,96,PCS,3.96360
YD Biscuit Mini Bites Chocolate 28 Gm 240 Pkt Rs 5,20,YELLOW DIMOND,20,PCS,48.00000
YD Biscuit Mini Bites Kaju 28 Gm 240 Pkt Rs 5,20,YELLOW DIMOND,10,PCS,48.00000
YD CAKE-CHOCHO VANNILA MRP-5,144,YELLOW DIM.,96,PCS,3.96360
YD CAKE-COOKIES CHOCLATE MRP-5,144,YELLOW DIM.,84,PCS,3.96360
YD CAKE-YUM MRP-5,144,YELLOW DIM.,96,PCS,3.96360
YD CHIPS KOREAN CHILLI MRP-5,280,YELLOW DIM.,56,PCS,4.25060
YD CHIPS TOMCHI MRP-5,280,YELLOW DIM.,56,PCS,4.25060
YD Choco Vanilla Cake 18 Gm 144 Pkt Rs 5,144,YELLOW DIMOND,528,PCS,3.99000
YD Cookie Cake Chocolate 14 Gm 144 Pkt Rs 5,144,YELLOW DIMOND,39,PCS,3.99000
YD Cookie Cake Chocolate 16 Gm 144 Pkt Rs 5,12,YELLOW DIMOND,2,PCS,48.29000
YD Cup Cake Chocolate 17 Gm 144 Pkt Rs 5,12,YELLOW DIMOND,2,PCS,48.00000
YD Cup Cake Vanilla 15 Gm 144 Pkt Rs 5,144,YELLOW DIMOND,24,PCS,3.99000
YD KHATTA MITHA MRP-5,240,YELLOW DIM.,48,PCS,4.04000
YD MASALA MATAR MRP-5,240,YELLOW DIM.,72,PCS,4.04290
YD MINI CUP TOMCHI MRP-5,120,YELLOW DIM.,120,PCS,3.96530
YD Mango Cake 18 Gm 144 Pkt Rs. 5,144,YELLOW DIMOND,635,PCS,3.99000
YD Mango Cake 20 Gm 144 Pkt Rs. 5,12,YELLOW DIMOND,18,PCS,48.00000
YD Mini Swiss Roll Chocolate 17 Gm 144 Pkt Rs 5,12,YELLOW DIMOND,6,PCS,48.00000
YD Mini Swiss Roll Chocolate Cake15 Gm 144 Pkt Rs 5,144,YELLOW DIMOND,167,PCS,3.99000
YD NAMKEEN MIXTURE MRP-5,240,YELLOW DIM.,96,PCS,4.04290
YD Namkeen Aloo Bhujia 20 Gm 240 Pkt Rs 5-GST,20,YELLOW DIMOND,19,PCS,49.00000
YD Namkeen Aloo Bhujia 20 gm 240 pkt Rs 5,240,YELLOW DIMOND,12,PCS,4.07000
YD Namkeen Bhavnagari Gathiya 20 gm 240 Pkt Rs 5,240,YELLOW DIMOND,12,PCS,4.07000
YD Namkeen Bhavnagari Gathiya 25 Gm 240 Pkt Rs 5,20,YELLOW DIMOND,15,PCS,48.00000
YD Namkeen Bhujia Sev 400 gm 20 pkt Rs 90,20,YELLOW DIMOND,11,PCS,68.88000
YD Namkeen Bhujia Sev 405 gm 20 pkt Rs 90,20,YELLOW DIMOND,44,PCS,60.00000
YD Namkeen Chulbule Chatpata Masala 35 Gm 144 Pkt Rs 10,144,YELLOW DIMOND,178,PCS,7.50000
YD Namkeen Chulbule Chatpata Masala 35 Gm 144 Pkt Rs 10-GST,12,YELLOW DIMOND,59,PCS,84.02000
YD Namkeen Chulbule Chatpata Masala 35 Gm 90 Pkt Rs 10,90,YELLOW DIMOND,525,PCS,7.49000
YD Namkeen Chulbule Flaming Hot 22.5 gm (50% Extra) 280 Pkt Rs 5,280,YELLOW DIMOND,337,PCS,4.13000
YD Namkeen Chulbule Flaming Hot 22.5 gm (50% Extra) 280 Pkt Rs 5,20,YELLOW DIMOND,8,PCS,58.00000
YD Namkeen Chulbule Mast Tomato 35 Gm 144 Pkt Rs 10,144,YELLOW DIMOND,1295,PCS,7.50000
YD Namkeen Chulbule Mast Tomato 35 Gm 90 Pkt Rs 10,90,YELLOW DIMOND,109,PCS,7.49000
YD Namkeen Chulbule Tangy Tomato 75 Gm 48 Pkt Rs 20,48,YELLOW DIMOND,94,PCS,15.00000
YD Namkeen Chulbule Tangy Tomato 20 gm 280 pkt Rs 5,280,YELLOW DIMOND,388,PCS,4.13000
YD Namkeen Chulbule Tangy Tomato 22 gm 280 pkt Rs 5,20,YELLOW DIMOND,7,PCS,58.00000
YD Namkeen Chulbule Tangy Tomato 80 gm 48 pkt Rs 20,48,YELLOW DIMOND,174,PCS,15.00000
YD Namkeen Chulbule Teekha Tadka 20 gm 280 pkt Rs 5,280,YELLOW DIMOND,406,PCS,4.13000
YD Namkeen Chulbule Teekha Tadka 22 Gm 280 Pkt Rs 5,20,YELLOW DIMOND,32,PCS,58.00000
YD Namkeen Chulbule Teekha Tadka 75 Gm 48 Pkt Rs 20,48,YELLOW DIMOND,119,PCS,15.00000
YD Namkeen Chulbule Teekha Tadka 80 gm 48 pkt Rs 20,48,YELLOW DIMOND,96,PCS,15.00000
YD Namkeen Fungroo Tomato Chilli 20 Gm 96 Pkt Rs. 5,96,YELLOW DIMOND,12,PCS,3.99000
YD Namkeen Jeera Papad 19.5 Gm 180 Pkt Rs 5,15,YELLOW DIMOND,13,PCS,48.00000
YD Namkeen Katori Masala 20 Gm 96 Pkt Rs 5,8,YELLOW DIMOND,105,PCS,48.00000
YD Namkeen Katori Masala 20 Gm 96 Pkt Rs 5,96,YELLOW DIMOND,2,PCS,4.00000
YD Namkeen Katori Tomato 20 Gm 96 Pkt Rs 5,8,YELLOW DIMOND,128,PCS,48.00000
YD Namkeen Katori Tomato 20 Gm 96 Pkt Rs 5,96,YELLOW DIMOND,11,PCS,4.00000
YD Namkeen Khatta Mitha 20 gm 240 pkt Rs 5,240,YELLOW DIMOND,195,PCS,4.07000
YD Namkeen Masala Matar 18 gm 300 pkt Rs 5,300,YELLOW DIMOND,216,PCS,4.07000
YD Namkeen Masala Sev Mamra 22 gm 240 pkt Rs 5,240,YELLOW DIMOND,298,PCS,4.07000
YD Namkeen Mitha Falahari 40 gm 120 pkt Rs 10,120,YELLOW DIMOND,433,PCS,7.74000
YD Namkeen Moong Mogar 16 gm 300 pkt Rs 5,300,YELLOW DIMOND,359,PCS,4.07000
YD Namkeen Navratan Mixture 18 gm 240 pkt Rs 5,240,YELLOW DIMOND,276,PCS,4.07000
YD Namkeen Noodles Chiji 19 Gm 180 Pkt Rs 5,180,YELLOW DIMOND,222,PCS,3.99000
YD Namkeen Noodles Chiji 21 Gm 180 Pkt Rs 5,15,YELLOW DIMOND,41,PCS,48.00000
YD Namkeen Papdi Gathiya 22 gm 240 Pkt Rs 5,240,YELLOW DIMOND,688,PCS,4.07000
YD Namkeen Pipes Masala 17 gm 210 pkt Rs 5,210,YELLOW DIMOND,492,PCS,3.99000
YD Namkeen Pipes Salted Crunchy 20 Gm 96 Pkt Rs 5,8,YELLOW DIMOND,164,PCS,48.00000
YD Namkeen Puff Garlic And Harb 20gm 210pkt Rs-5,15,YELLOW DIMOND,27,PCS,59.00000
YD Namkeen Puff Pudina 20 gm 210 pkt Rs 5,210,YELLOW DIMOND,657,PCS,4.20000
YD Namkeen Puff Pudina 22 gm 210 pkt Rs 5,15,YELLOW DIMOND,89,PCS,59.00000
YD Namkeen Puff Tomato 20 gm 210 pkt Rs 5,210,YELLOW DIMOND,1871,PCS,4.20000
YD Namkeen Puff Tomato 22 Gm 210 Pkt Rs 5,15,YELLOW DIMOND,83,PCS,59.00000
YD Namkeen Puff Tomato 72 gm 60 pkt Rs 20 (Paytm),60,YELLOW DIMOND,524,PCS,15.00000
YD Namkeen Puffcorn Cheese 17.5 Gm 180 pkt Rs 5,15,YELLOW DIMOND,29,PCS,50.00000
YD Namkeen Ratlami Sev 22 gm 240 pkt Rs 5,20,YELLOW DIMOND,13,PCS,49.00000
YD Namkeen Ring Masala 11 Gm 280 Pkt Rs 5 - With Train Toys,280,YELLOW DIMOND,101,PCS,4.20000
YD Namkeen Ring Masala 12 Gm 280 Pkt Rs 5 - With Pop CandyToy,20,YELLOW DIMOND,18,PCS,59.00000
YD Namkeen Ring Tomato 11 Gm 280 Pkt Rs 5 - With Train Toys,280,YELLOW DIMOND,440,PCS,4.20000
YD Namkeen Ring Tomato 12 Gm 280 Pkt Rs 5 - With Pop Candy Toys,20,YELLOW DIMOND,20,PCS,59.00000
YD Namkeen Stix Cream N Onion 72 gm 60 pkt Rs. 20,60,YELLOW DIMOND,285,PCS,15.00000
YD Namkeen Stix Cream N Onion 17 gm 210 pkt Rs. 5,210,YELLOW DIMOND,55,PCS,4.20000
YD Namkeen Stix Cream N Onion 18.5 Gm 210 Pkt Rs 5,15,YELLOW DIMOND,64,PCS,59.00000
YD Namkeen Tasty 18 gm 240 pkt Rs 5,240,YELLOW DIMOND,384,PCS,4.07000
YD Namkeen Tikha Falahari 20 gm 240 pkt Rs 5,240,YELLOW DIMOND,391,PCS,4.07000
YD Namkeen Tikha Mitha Mix (Chavanu) 22 gm 240 Pkt Rs 5,240,YELLOW DIMOND,408,PCS,4.07000
YD Namkeen Wheel Pellet Chilli 20 Gm 96 Pkt Rs 5,96,YELLOW DIMOND,83,PCS,3.99000
YD Popcorn Simply Salted 13 gm 280 pkt Rs 5,280,YELLOW DIMOND,97,PCS,4.13000
YD Popcorn Simply Salted 14 Gm 280 Pkt Rs 5,20,YELLOW DIMOND,4,PCS,58.00000
YD Popcorn Simply Salted 28 Gm 90 Pkt Rs 10-GST,9,YELLOW DIMOND,18,PCS,75.00000
YD Popcorn Simply Salted 28 gm 90 pkt Rs 10,90,YELLOW DIMOND,439,PCS,7.50000
YD Popcorn Simply Salted 30 gm 90 pkt Rs 10,90,YELLOW DIMOND,110,PCS,7.50000
YD Potato Chips Chatpata Masala 22 Gm 120 Pkt Rs 10,120,YELLOW DIMOND,314,PCS,7.50000
YD Potato Chips Chatpata Masala 22 Gm 120 Pkt Rs 10-GST,12,YELLOW DIMOND,16,PCS,84.02000
YD Potato Chips Chatpata Masala 22 Gm 144 Pkt Rs 10,144,YELLOW DIMOND,395,PCS,7.49000
YD Potato Chips Classic Salted 55 Gm 48 pkt Rs 20,48,YELLOW DIMOND,9,PCS,15.00000
YD Potato Chips Classic Salted 60 gm 48 pkt Rs 20,48,YELLOW DIMOND,88,PCS,15.00000
YD Potato Chips Cream N Onion 14 gm 280 pkt Rs 5,280,YELLOW DIMOND,966,PCS,4.28000
YD Potato Chips Cream N Onion 15 gm 280 pkt Rs 5,20,YELLOW DIMOND,322,PCS,60.00000
YD Potato Chips Cream N Onion 60 Gm 48 Pkt Rs 20,48,YELLOW DIMOND,782,PCS,15.00000
YD Potato Chips Indori Masala 14 gm 280 pkt Rs 5,20,YELLOW DIMOND,16,PCS,60.00000
YD Potato Chips Mast Tomato 22 Gm 120 pkt Rs 10,120,YELLOW DIMOND,40,PCS,7.50000
YD Potato Chips Mast Tomato 22 Gm 144 pkt Rs 10,144,YELLOW DIMOND,2054,PCS,7.49000
YD Potato Chips Mast Tomato 22 Gm 144 pkt Rs 10-GST,12,YELLOW DIMOND,50,PCS,84.02200
YD Potato Chips NAGA PUNCH 13 gm 280 pkt Rs 5,280,YELLOW DIMOND,4,PCS,4.28000
YD Potato Chips Naga Chilli 14 gm 280 pkt Rs 5,20,YELLOW DIMOND,16,PCS,55.51000
YD Potato Chips Piri Piri 14 gm 210 pkt Rs 5 (Desi Style),15,YELLOW DIMOND,1,PCS,56.00000
YD Potato Chips Piri Piri 55 Gm 48 Pkt Rs 20,48,YELLOW DIMOND,16,PCS,15.00000
YD Potato Chips Piri Piri 60 gm 48 pkt Rs 20,48,YELLOW DIMOND,79,PCS,15.00000
YD Potato Chips Plain Salted 14 gm 280 pkt Rs 5,280,YELLOW DIMOND,58,PCS,4.28000
YD Potato Chips Plain Salted 15 gm 280 pkt Rs 5,20,YELLOW DIMOND,369,PCS,60.00000
YD Potato Chips Plain Salted 55 gm 48 pkt Rs 20,48,YELLOW DIMOND,272,PCS,15.00000
YD Potato Chips Plain Salted 60 Gm 48 Pkt Rs 20,48,YELLOW DIMOND,116,PCS,15.00000
YD Potato Chips SPICY KOREAN 13 gm 280 pkt Rs 5,280,YELLOW DIMOND,14,PCS,4.28000
YD Potato Chips Simply Salted 22 Gm 120 Pkt Rs 10,120,YELLOW DIMOND,373,PCS,7.50000
YD Potato Chips Simply Salted 22 Gm 144 Pkt Rs 10,144,YELLOW DIMOND,504,PCS,7.49000
YD Potato Chips Simply Salted 22 Gm 144 Pkt Rs 10-GST,12,YELLOW DIMOND,20,PCS,84.02000
YD Potato Chips Sour Cream N Onion 22 Gm 144 Pkt Rs 10 (Crispies),144,YELLOW DIMOND,134,PCS,7.50000
YD Potato Chips Sour Cream N Onion 22 Gm 144 Pkt Rs 10 (Crispies)-GST,12,YELLOW DIMOND,51,PCS,84.02000
YD Potato Chips Sour Cream N Onion 22 Gm 144 Pkt Rs 10,144,YELLOW DIMOND,763,PCS,7.49000
YD Potato Chips Tomchi 14 gm 280 pkt Rs 5,280,YELLOW DIMOND,322,PCS,4.28000
YD Potato Chips Tomchi 15 gm 280 pkt Rs 5,20,YELLOW DIMOND,315,PCS,55.51000
YD Potato Chips Tomchi 55 gm 48 pkt Rs 20,48,YELLOW DIMOND,98,PCS,15.00000
YD Potato Chips Tomchi 60 Gm 48 Pkt Rs 20,48,YELLOW DIMOND,1015,PCS,15.00000
YD Sandwich Cake Chocolate 15 Gm 120 Pkt Rs 5,120,YELLOW DIMOND,612,PCS,3.50000
YD TASTY MRP-5,240,YELLOW DIM.,204,PCS,4.04290
YD Tiffin Cake Mixed Fruit 16 Gm 144 Pkt R5,144,YELLOW DIMOND,959,PCS,3.99000
YD Tiffin Cake Mixed Fruit 18 Gm 144 Pkt R5,12,YELLOW DIMOND,9,PCS,48.00000
YD Yum Cake Mixed Berry 18 Gm 144 Pkt Rs 5,144,YELLOW DIMOND,1162,PCS,3.99000
YD Yum Cake Mixed Berry 20 Gm 144 Pkt Rs 5,12,YELLOW DIMOND,13,PCS,48.00000
YDRU Roasted Bread Rusk 70gm 36pk R10 (TR),36,YELLOW DIMOND,132,PCS,7.99000
ZANDU BALM 25ML[ULTRA],200,EMAMI,10,PCS,125.00000
ZANDU BALM 8ML-GST,400,EMAMI,82,PCS,39.39000
ZANDU BALM 8ML[ULTRA]-GST,400,EMAMI,33,PCS,42.85000
ZANDU CHYAWANPRASH 450GM[KESARI-SUGER FREE],32,EMAMI,2,PCS,490.00000
ZANDU CHYAWANPRASH 500GM[KESARI],32,EMAMI,15,PCS,412.28000
ZANDU CHYAWANPRASH 900GM[AVA],16,EMAMI,13,PCS,325.00000
ZANDU CHYAWANPRASH 900GM[JAGGERY],16,EMAMI,13,PCS,325.00000
ZANDU ORTHOPEDIC OIL 120ML,6,EMAMI,2,PCS,178.97000
ZANDU ORTHOPEDIC OIL 50ML,6,EMAMI,1,PCS,14.11000
